X,Y,WindField,speed,heading,dx,dy,ratio,style_css,direction
79.9831750756057,11.2112379771796,wind_0,5.0,171.1531527298748,-14.45,-332.69,0.95,fill:#0000ff; fill-opacity:0.2; stroke:#ff0000; stroke-opacity:1.0; stroke-width:1.0; symbol:star,-177.512988136165
80.07295729951,11.2290514460988,wind_1,6.0,183.6232171036908,-87.34,-321.34,0.86,fill:#0000ff; fill-opacity:0.2; stroke:#ff0000; stroke-opacity:1.0; stroke-width:1.0; symbol:star,-164.794378792189
80.9713469968007,11.4056657190068,wind_10,5.2,330.5705992008197,-106.58,315.48,0.92,fill:#0000ff; fill-opacity:0.2; stroke:#ff0000; stroke-opacity:1.0; stroke-width:1.0; symbol:star,-18.6667380474291
79.8916673689354,11.661311073591,wind_100,14.6,183.98480113239037,-89.39,-320.78,0.81,fill:#0000ff; fill-opacity:0.2; stroke:#ff0000; stroke-opacity:1.0; stroke-width:1.0; symbol:star,-164.428733433976
80.1614985391112,11.7145421746508,wind_101,8.2,197.84223795644553,-164.47,-289.55,0.74,fill:#0000ff; fill-opacity:0.2; stroke:#ff0000; stroke-opacity:1.0; stroke-width:1.0; symbol:star,-150.402587149491
80.0715431258318,11.6968275890669,wind_102,8.2,192.2929334247662,-135.39,-304.24,0.83,fill:#0000ff; fill-opacity:0.2; stroke:#ff0000; stroke-opacity:1.0; stroke-width:1.0; symbol:star,-156.010432966431
79.9815969339957,11.6790861307824,wind_103,9.4,189.59884438925815,-120.82,-310.31,0.71,fill:#0000ff; fill-opacity:0.2; stroke:#ff0000; stroke-opacity:1.0; stroke-width:1.0; symbol:star,-158.726420526571
79.8017494843673,11.6435080794447,wind_104,3.4,343.12981154984516,-33.51,331.31,0.89,fill:#0000ff; fill-opacity:0.2; stroke:#ff0000; stroke-opacity:1.0; stroke-width:1.0; symbol:star,-5.77547996671496
80.3414382749976,11.7498927051053,wind_105,6.5,215.480620541516,-244.8,-225.74,0.79,fill:#0000ff; fill-opacity:0.2; stroke:#ff0000; stroke-opacity:1.0; stroke-width:1.0; symbol:star,-132.680407901104
80.25146324928,11.7322304757376,wind_106,8.6,204.7578477830353,-198.38,-267.46,0.82,fill:#0000ff; fill-opacity:0.2; stroke:#ff0000; stroke-opacity:1.0; stroke-width:1.0; symbol:star,-143.434992391828
80.4314276795104,11.7675247496601,wind_107,8.5,232.70109801426395,-300.42,-143.66,0.78,fill:#0000ff; fill-opacity:0.2; stroke:#ff0000; stroke-opacity:1.0; stroke-width:1.0; symbol:star,-115.556995751268
80.6114351508684,11.8026976827913,wind_108,6.3,237.3197109967536,-310.79,-119.58,0.79,fill:#0000ff; fill-opacity:0.2; stroke:#ff0000; stroke-opacity:1.0; stroke-width:1.0; symbol:star,-111.044799354597
80.5214233456166,11.7851243952708,wind_109,8.4,226.7598441762204,-284.02,-173.85,0.83,fill:#0000ff; fill-opacity:0.2; stroke:#ff0000; stroke-opacity:1.0; stroke-width:1.0; symbol:star,-121.470999710935
80.1627474298025,11.2468321497672,wind_11,12.5,169.90332669442844,-6.83,-332.93,0.86,fill:#0000ff; fill-opacity:0.2; stroke:#ff0000; stroke-opacity:1.0; stroke-width:1.0; symbol:star,-178.824752080638
80.701457563687,11.8202443187506,wind_110,7.6,231.81674242918413,-297.99,-148.63,0.91,fill:#0000ff; fill-opacity:0.2; stroke:#ff0000; stroke-opacity:1.0; stroke-width:1.0; symbol:star,-116.508879616604
80.7914859903656,11.8377640388135,wind_111,6.0,303.17504925517267,-240.49,230.33,0.89,fill:#0000ff; fill-opacity:0.2; stroke:#ff0000; stroke-opacity:1.0; stroke-width:1.0; symbol:star,-46.2362150839489
80.8815304360344,11.8552522737611,wind_112,8.800000000000002,306.65164016504406,-226.16,244.42,0.89,fill:#0000ff; fill-opacity:0.2; stroke:#ff0000; stroke-opacity:1.0; stroke-width:1.0; symbol:star,-42.7778564449721
81.0616528564879,11.8901392276088,wind_113,2.8,347.6624625833463,-7.84,332.91,0.93,fill:#0000ff; fill-opacity:0.2; stroke:#ff0000; stroke-opacity:1.0; stroke-width:1.0; symbol:star,-1.34906099958197
80.9715853047152,11.8727093843605,wind_114,8.300000000000002,311.64708194622045,-204.08,263.14,0.89,fill:#0000ff; fill-opacity:0.2; stroke:#ff0000; stroke-opacity:1.0; stroke-width:1.0; symbol:star,-37.7956078557131
81.1517317694738,11.9075421204741,wind_115,8.2,324.75649715780526,-138.79,302.7,0.98,fill:#0000ff; fill-opacity:0.2; stroke:#ff0000; stroke-opacity:1.0; stroke-width:1.0; symbol:star,-24.6317764410358
81.3319187206964,11.9422621626316,wind_116,9.5,343.25050983322996,-34.23,331.24,0.94,fill:#0000ff; fill-opacity:0.2; stroke:#ff0000; stroke-opacity:1.0; stroke-width:1.0; symbol:star,-5.89994451916114
81.2418197638325,11.9249185342617,wind_117,6.4,175.37867287613895,-37.64,-330.87,0.94,fill:#0000ff; fill-opacity:0.2; stroke:#ff0000; stroke-opacity:1.0; stroke-width:1.0; symbol:star,-173.509893756935
81.5121145391812,11.9768536989622,wind_118,11.7,169.6290351584166,-3.33,-332.98,0.88,fill:#0000ff; fill-opacity:0.2; stroke:#ff0000; stroke-opacity:1.0; stroke-width:1.0; symbol:star,-179.427026891811
81.4220328182075,11.959575339227,wind_119,8.800000000000002,316.56865751401114,-181.0,279.51,0.99,fill:#0000ff; fill-opacity:0.2; stroke:#ff0000; stroke-opacity:1.0; stroke-width:1.0; symbol:star,-32.9255519262909
81.4209544335986,11.4929420541673,wind_12,7.7,315.6552731040198,-185.22,276.74,0.84,fill:#0000ff; fill-opacity:0.2; stroke:#ff0000; stroke-opacity:1.0; stroke-width:1.0; symbol:star,-33.7940975278812
79.963339342671,11.7690933285159,wind_120,6.1,181.01231257450664,-72.15999999999998,-325.09,0.72,fill:#0000ff; fill-opacity:0.2; stroke:#ff0000; stroke-opacity:1.0; stroke-width:1.0; symbol:star,-167.485002414856
79.8734833629285,11.75134647642,wind_121,6.7,185.432507997844,-97.24,-318.49,0.76,fill:#0000ff; fill-opacity:0.2; stroke:#ff0000; stroke-opacity:1.0; stroke-width:1.0; symbol:star,-163.02174630288
80.0533126354268,11.7868255771733,wind_122,10.0,194.80559769974144,-148.74,-297.93,0.84,fill:#0000ff; fill-opacity:0.2; stroke:#ff0000; stroke-opacity:1.0; stroke-width:1.0; symbol:star,-153.469575599234
80.1432985635193,11.8045322663831,wind_123,12.9,194.1092084308177,-144.94,-299.8,0.79,fill:#0000ff; fill-opacity:0.2; stroke:#ff0000; stroke-opacity:1.0; stroke-width:1.0; symbol:star,-154.198293309129
80.2332950971194,11.8222124598055,wind_124,7.9,204.76779573682992,-198.38,-267.46,0.75,fill:#0000ff; fill-opacity:0.2; stroke:#ff0000; stroke-opacity:1.0; stroke-width:1.0; symbol:star,-143.434992391828
80.5033535126343,11.8750803787783,wind_125,6.6,209.6681751312582,-220.37,-249.65,0.83,fill:#0000ff; fill-opacity:0.2; stroke:#ff0000; stroke-opacity:1.0; stroke-width:1.0; symbol:star,-138.564646934706
80.5933966805353,11.8926442300832,wind_126,9.7,231.10965778947684,-296.19,-152.18,0.83,fill:#0000ff; fill-opacity:0.2; stroke:#ff0000; stroke-opacity:1.0; stroke-width:1.0; symbol:star,-117.193728157463
80.3233042626899,11.8398661553807,wind_127,9.3,212.88914027808093,-234.28,-236.65,0.83,fill:#0000ff; fill-opacity:0.2; stroke:#ff0000; stroke-opacity:1.0; stroke-width:1.0; symbol:star,-135.288344023676
80.4133235533127,11.8574896333539,wind_128,8.5,217.49821310319993,-252.51,-217.09,0.84,fill:#0000ff; fill-opacity:0.2; stroke:#ff0000; stroke-opacity:1.0; stroke-width:1.0; symbol:star,-130.686581986169
80.6834498221289,11.9101812884828,wind_129,8.300000000000002,240.4481845743232,-316.72,-102.85,0.82,fill:#0000ff; fill-opacity:0.2; stroke:#ff0000; stroke-opacity:1.0; stroke-width:1.0; symbol:star,-107.990416362642
80.8814591011878,11.388127282045,wind_13,10.0,312.59174525713803,-199.44,266.67,0.92,fill:#0000ff; fill-opacity:0.2; stroke:#ff0000; stroke-opacity:1.0; stroke-width:1.0; symbol:star,-36.7924709639032
80.7735107689167,11.9276915757909,wind_130,8.6,266.4348065291397,-330.14,43.54,0.82,fill:#0000ff; fill-opacity:0.2; stroke:#ff0000; stroke-opacity:1.0; stroke-width:1.0; symbol:star,-82.4869936077645
80.8635876130765,11.945170025996,wind_131,5.5,299.46416128888274,-254.89,214.29,0.81,fill:#0000ff; fill-opacity:0.2; stroke:#ff0000; stroke-opacity:1.0; stroke-width:1.0; symbol:star,-49.9457101386273
80.9536747201762,11.9626167108917,wind_132,5.6,336.2771063278414,-74.51,324.56,0.82,fill:#0000ff; fill-opacity:0.2; stroke:#ff0000; stroke-opacity:1.0; stroke-width:1.0; symbol:star,-12.9294905403034
81.0437747261499,11.9800364387505,wind_133,4.2,329.0689378423716,-115.31,312.4,0.85,fill:#0000ff; fill-opacity:0.2; stroke:#ff0000; stroke-opacity:1.0; stroke-width:1.0; symbol:star,-20.2596136507941
81.1338860780692,11.997429090164,wind_134,8.9,308.616222344884,-217.89,251.82,0.9,fill:#0000ff; fill-opacity:0.2; stroke:#ff0000; stroke-opacity:1.0; stroke-width:1.0; symbol:star,-40.8683550040744
81.2240065148003,12.014794576117,wind_135,12.8,341.3573737806867,-45.28,329.91,0.79,fill:#0000ff; fill-opacity:0.2; stroke:#ff0000; stroke-opacity:1.0; stroke-width:1.0; symbol:star,-7.81499273537638
81.3141407498437,12.0321272410384,wind_136,6.9,192.62858200494097,-135.45,-304.21,0.9,fill:#0000ff; fill-opacity:0.2; stroke:#ff0000; stroke-opacity:1.0; stroke-width:1.0; symbol:star,-155.998902604029
81.404285335333,12.0494291137499,wind_137,9.5,170.13338962184292,-6.31,-332.94,0.9,fill:#0000ff; fill-opacity:0.2; stroke:#ff0000; stroke-opacity:1.0; stroke-width:1.0; symbol:star,-178.914239529487
81.4944001503952,12.0666958686951,wind_138,6.9,325.95741201627885,-132.8,305.38,0.88,fill:#0000ff; fill-opacity:0.2; stroke:#ff0000; stroke-opacity:1.0; stroke-width:1.0; symbol:star,-23.502681880198
79.945092251484,11.8591023098945,wind_139,12.3,187.34053362168723,-108.28,-314.9,0.75,fill:#0000ff; fill-opacity:0.2; stroke:#ff0000; stroke-opacity:1.0; stroke-width:1.0; symbol:star,-161.024202222317
81.2410827485076,11.4581122339121,wind_14,2.2,293.801365356874,-274.68,188.25,0.92,fill:#0000ff; fill-opacity:0.2; stroke:#ff0000; stroke-opacity:1.0; stroke-width:1.0; symbol:star,-55.5754848507876
79.8553158492544,11.8413849279318,wind_140,5.3,336.86763025226963,-70.86,325.37,0.9,fill:#0000ff; fill-opacity:0.2; stroke:#ff0000; stroke-opacity:1.0; stroke-width:1.0; symbol:star,-12.2861925459236
80.035086479373,11.8768241779999,wind_141,10.1,187.81014306901227,-110.65,-314.08,0.76,fill:#0000ff; fill-opacity:0.2; stroke:#ff0000; stroke-opacity:1.0; stroke-width:1.0; symbol:star,-160.592701468827
80.1251010160262,11.8945226600483,wind_142,7.4,192.44876442960503,-136.02,-303.95,0.81,fill:#0000ff; fill-opacity:0.2; stroke:#ff0000; stroke-opacity:1.0; stroke-width:1.0; symbol:star,-155.891111100003
80.2151296216717,11.9121947974277,wind_143,9.2,202.01582991243407,-185.14,-276.79,0.79,fill:#0000ff; fill-opacity:0.2; stroke:#ff0000; stroke-opacity:1.0; stroke-width:1.0; symbol:star,-146.222126575738
80.3051733561772,11.929839981013,wind_144,16.1,204.11234113210188,-195.13,-269.84,0.81,fill:#0000ff; fill-opacity:0.2; stroke:#ff0000; stroke-opacity:1.0; stroke-width:1.0; symbol:star,-144.128095784832
80.3952224838588,11.9474549469964,wind_145,8.9,201.75989470444344,-183.7,-277.75,0.73,fill:#0000ff; fill-opacity:0.2; stroke:#ff0000; stroke-opacity:1.0; stroke-width:1.0; symbol:star,-146.519902324769
80.5753619531832,11.9825912351706,wind_146,12.6,230.40610334109616,-294.3,-155.81,0.81,fill:#0000ff; fill-opacity:0.2; stroke:#ff0000; stroke-opacity:1.0; stroke-width:1.0; symbol:star,-117.897897176204
80.4852872612765,11.9650368109222,wind_147,18.0,210.15100587707744,-222.44,-247.81,0.85,fill:#0000ff; fill-opacity:0.2; stroke:#ff0000; stroke-opacity:1.0; stroke-width:1.0; symbol:star,-138.088115054907
80.6654459655193,12.0001187351013,wind_148,13.4,239.5933892114812,-315.16,-107.54,0.83,fill:#0000ff; fill-opacity:0.2; stroke:#ff0000; stroke-opacity:1.0; stroke-width:1.0; symbol:star,-108.840847442842
80.7555398461205,12.0176196311249,wind_149,5.1,213.97379916257964,-238.23,-232.67,0.97,fill:#0000ff; fill-opacity:0.2; stroke:#ff0000; stroke-opacity:1.0; stroke-width:1.0; symbol:star,-134.323529981534
80.7017189154302,11.3529647662191,wind_15,4.7,328.3818914366209,-118.47,311.21,0.89,fill:#0000ff; fill-opacity:0.2; stroke:#ff0000; stroke-opacity:1.0; stroke-width:1.0; symbol:star,-20.8405995599639
80.8456491968159,12.0350883511792,wind_150,6.1,333.5587907203806,-90.19,320.55,0.8,fill:#0000ff; fill-opacity:0.2; stroke:#ff0000; stroke-opacity:1.0; stroke-width:1.0; symbol:star,-15.7144868142393
80.9357689573109,12.0525246092124,wind_151,11.6,331.2317641966219,-103.42,316.53,0.86,fill:#0000ff; fill-opacity:0.2; stroke:#ff0000; stroke-opacity:1.0; stroke-width:1.0; symbol:star,-18.0937931909356
81.025901393536,12.0699342816602,wind_152,2.6,175.32519131125395,-37.4,-330.89,0.8,fill:#0000ff; fill-opacity:0.2; stroke:#ff0000; stroke-opacity:1.0; stroke-width:1.0; symbol:star,-173.551312722808
81.1160451275005,12.0873167547983,wind_153,9.3,341.35195999350174,-45.48,329.88,0.86,fill:#0000ff; fill-opacity:0.2; stroke:#ff0000; stroke-opacity:1.0; stroke-width:1.0; symbol:star,-7.84978684362545
81.296368160273,12.121993006102,wind_154,5.8,178.4176978672551,-55.17,-328.4,0.84,fill:#0000ff; fill-opacity:0.2; stroke:#ff0000; stroke-opacity:1.0; stroke-width:1.0; symbol:star,-170.463567858174
81.2061984163475,12.1046713046292,wind_155,7.0,343.7748194969204,-31.36,331.52,0.9,fill:#0000ff; fill-opacity:0.2; stroke:#ff0000; stroke-opacity:1.0; stroke-width:1.0; symbol:star,-5.40379136024971
81.3865432902004,12.1392835876203,wind_156,6.1,347.88358242568785,-7.33,332.92,0.93,fill:#0000ff; fill-opacity:0.2; stroke:#ff0000; stroke-opacity:1.0; stroke-width:1.0; symbol:star,-1.26129466685164
81.4766913346901,12.1565387529123,wind_157,4.7,291.2148599891756,-283.22,175.14,0.95,fill:#0000ff; fill-opacity:0.2; stroke:#ff0000; stroke-opacity:1.0; stroke-width:1.0; symbol:star,-58.2678286971448
79.837242392495,11.9314408856784,wind_158,8.4,336.8426531936633,-71.01,325.34,0.85,fill:#0000ff; fill-opacity:0.2; stroke:#ff0000; stroke-opacity:1.0; stroke-width:1.0; symbol:star,-12.3125088081699
79.9270708869831,11.9491542071047,wind_159,2.1,176.44713460357372,-44.66,-329.99,0.74,fill:#0000ff; fill-opacity:0.2; stroke:#ff0000; stroke-opacity:1.0; stroke-width:1.0; symbol:star,-172.292565556973
81.3310137781599,11.475543053863,wind_16,1.6,288.87963597458514,-289.69,164.22,0.97,fill:#0000ff; fill-opacity:0.2; stroke:#ff0000; stroke-opacity:1.0; stroke-width:1.0; symbol:star,-60.4518867004589
80.0169416860744,11.9668386027114,wind_160,6.5,186.8892650810852,-105.36,-315.89,0.78,fill:#0000ff; fill-opacity:0.2; stroke:#ff0000; stroke-opacity:1.0; stroke-width:1.0; symbol:star,-161.554713201912
80.1970059824629,12.0021837002056,wind_161,7.4,204.22143011578544,-195.66,-269.46,0.86,fill:#0000ff; fill-opacity:0.2; stroke:#ff0000; stroke-opacity:1.0; stroke-width:1.0; symbol:star,-144.015889326173
80.1069411695268,11.9845194515959,wind_162,9.4,190.39397097918447,-124.72,-308.76,0.81,fill:#0000ff; fill-opacity:0.2; stroke:#ff0000; stroke-opacity:1.0; stroke-width:1.0; symbol:star,-158.004329285597
80.2870828024915,12.0198207627179,wind_163,11.4,195.9601159535712,-154.28,-295.11,0.82,fill:#0000ff; fill-opacity:0.2; stroke:#ff0000; stroke-opacity:1.0; stroke-width:1.0; symbol:star,-152.399966400804
80.3771676496188,12.0374276076283,wind_164,9.0,204.43475564409073,-196.48,-268.86,0.74,fill:#0000ff; fill-opacity:0.2; stroke:#ff0000; stroke-opacity:1.0; stroke-width:1.0; symbol:star,-143.841066537243
80.5573787184849,12.0725468780941,wind_165,6.2,250.1921067548197,-329.43,-48.62,0.91,fill:#0000ff; fill-opacity:0.2; stroke:#ff0000; stroke-opacity:1.0; stroke-width:1.0; symbol:star,-98.3955761148836
80.4672683159199,12.0550009809723,wind_166,12.4,218.08175997137607,-254.51,-214.74,0.85,fill:#0000ff; fill-opacity:0.2; stroke:#ff0000; stroke-opacity:1.0; stroke-width:1.0; symbol:star,-130.15562977058
80.6474983172825,12.0900655324709,wind_167,2.5,270.83163269445373,-325.94,68.21,0.92,fill:#0000ff; fill-opacity:0.2; stroke:#ff0000; stroke-opacity:1.0; stroke-width:1.0; symbol:star,-78.1801957569465
80.7376277917386,12.1075570892605,wind_168,3.1,341.52097378163603,-44.06,330.07,0.75,fill:#0000ff; fill-opacity:0.2; stroke:#ff0000; stroke-opacity:1.0; stroke-width:1.0; symbol:star,-7.60328463135888
80.9179285665173,12.1424430339081,wind_169,11.0,178.0229052512236,-53.12,-328.74,0.81,fill:#0000ff; fill-opacity:0.2; stroke:#ff0000; stroke-opacity:1.0; stroke-width:1.0; symbol:star,-170.821105104864
81.6008364227558,11.5276477845631,wind_17,6.4,299.74349707015995,-254.15,215.16,0.95,fill:#0000ff; fill-opacity:0.2; stroke:#ff0000; stroke-opacity:1.0; stroke-width:1.0; symbol:star,-49.7491932419487
80.8277729984269,12.1250164700809,wind_170,5.7,347.0870764715746,-11.35,332.81,0.79,fill:#0000ff; fill-opacity:0.2; stroke:#ff0000; stroke-opacity:1.0; stroke-width:1.0; symbol:star,-1.95323205338404
81.0080947807362,12.1598427112438,wind_171,11.6,170.3006467888875,-7.46,-332.92,0.76,fill:#0000ff; fill-opacity:0.2; stroke:#ff0000; stroke-opacity:1.0; stroke-width:1.0; symbol:star,-178.716343270159
81.0982722059017,12.1772150330406,wind_172,10.4,174.56614707674171,-32.56,-331.4,0.74,fill:#0000ff; fill-opacity:0.2; stroke:#ff0000; stroke-opacity:1.0; stroke-width:1.0; symbol:star,-174.388707394524
81.188461020705,12.1945593524717,wind_173,10.8,182.9471443941602,-81.28,-322.93,0.91,fill:#0000ff; fill-opacity:0.2; stroke:#ff0000; stroke-opacity:1.0; stroke-width:1.0; symbol:star,-165.872367128781
81.2786635235442,12.211870090496,wind_174,11.0,171.87320338103677,-16.41,-332.6,0.85,fill:#0000ff; fill-opacity:0.2; stroke:#ff0000; stroke-opacity:1.0; stroke-width:1.0; symbol:star,-177.175400096787
81.3688764854175,12.2291497085657,wind_175,11.0,171.24673113123959,-12.57,-332.76,0.93,fill:#0000ff; fill-opacity:0.2; stroke:#ff0000; stroke-opacity:1.0; stroke-width:1.0; symbol:star,-177.836682068441
81.4590596412695,12.2463936751214,wind_176,13.6,184.04549719164888,-87.23999999999998,-321.37,0.95,fill:#0000ff; fill-opacity:0.2; stroke:#ff0000; stroke-opacity:1.0; stroke-width:1.0; symbol:star,-164.812336177537
79.998820410708,12.0568571608269,wind_177,10.0,182.90497803996064,-82.56,-322.6,0.82,fill:#0000ff; fill-opacity:0.2; stroke:#ff0000; stroke-opacity:1.0; stroke-width:1.0; symbol:star,-165.644930610443
79.9090489045608,12.039205775852,wind_178,2.1,315.54155228916653,-185.72,276.4,0.91,fill:#0000ff; fill-opacity:0.2; stroke:#ff0000; stroke-opacity:1.0; stroke-width:1.0; symbol:star,-33.898130309664
80.0887976174901,12.0745189877802,wind_179,8.0,187.65465613478105,-109.36,-314.53,0.8,fill:#0000ff; fill-opacity:0.2; stroke:#ff0000; stroke-opacity:1.0; stroke-width:1.0; symbol:star,-160.82777498976
81.1511610751148,11.4406560396638,wind_18,2.0,227.73953070374424,-286.61,-169.54,0.96,fill:#0000ff; fill-opacity:0.2; stroke:#ff0000; stroke-opacity:1.0; stroke-width:1.0; symbol:star,-120.605823018983
80.1788861342955,12.0921730137955,wind_180,10.6,189.100753500288,-117.39,-311.62,0.85,fill:#0000ff; fill-opacity:0.2; stroke:#ff0000; stroke-opacity:1.0; stroke-width:1.0; symbol:star,-159.358166138658
80.2689964485249,12.1098020711305,wind_181,12.9,185.42395571127983,-96.66,-318.66,0.77,fill:#0000ff; fill-opacity:0.2; stroke:#ff0000; stroke-opacity:1.0; stroke-width:1.0; symbol:star,-163.12573339178
80.3591169980763,12.1274007949679,wind_182,12.8,193.8871485054787,-143.17,-300.65,0.87,fill:#0000ff; fill-opacity:0.2; stroke:#ff0000; stroke-opacity:1.0; stroke-width:1.0; symbol:star,-154.536137117169
80.5394000839159,12.1625030901132,wind_183,2.0,298.8027781082142,-257.31,211.38,0.78,fill:#0000ff; fill-opacity:0.2; stroke:#ff0000; stroke-opacity:1.0; stroke-width:1.0; symbol:star,-50.5969176698179
80.4492535729476,12.1449657411829,wind_184,8.7,173.6053274990766,-27.71,-331.85,0.92,fill:#0000ff; fill-opacity:0.2; stroke:#ff0000; stroke-opacity:1.0; stroke-width:1.0; symbol:star,-175.226784984208
80.6295556177095,12.1800128838886,wind_185,3.2,347.726890517216,-7.44,332.92,0.83,fill:#0000ff; fill-opacity:0.2; stroke:#ff0000; stroke-opacity:1.0; stroke-width:1.0; symbol:star,-1.28021643774612
80.719720651118,12.1974951711728,wind_186,6.6,208.48580473118076,-214.6,-254.63,0.95,fill:#0000ff; fill-opacity:0.2; stroke:#ff0000; stroke-opacity:1.0; stroke-width:1.0; symbol:star,-139.876095371279
80.809901695208,12.2149452824876,wind_187,8.9,189.2477504463892,-117.29,-311.66,0.8,fill:#0000ff; fill-opacity:0.2; stroke:#ff0000; stroke-opacity:1.0; stroke-width:1.0; symbol:star,-159.376693716618
80.9000930709142,12.2323622218373,wind_188,9.8,182.8966388150785,-81.31,-322.92,0.73,fill:#0000ff; fill-opacity:0.2; stroke:#ff0000; stroke-opacity:1.0; stroke-width:1.0; symbol:star,-165.866941491936
80.9902937489204,12.2497519308889,wind_189,8.9,178.3511949744164,-54.83,-328.46,0.8,fill:#0000ff; fill-opacity:0.2; stroke:#ff0000; stroke-opacity:1.0; stroke-width:1.0; symbol:star,-170.522969087502
81.5109118053618,11.5103118398205,wind_19,6.1,310.7812030044751,-208.19,259.9,0.91,fill:#0000ff; fill-opacity:0.2; stroke:#ff0000; stroke-opacity:1.0; stroke-width:1.0; symbol:star,-38.6960839859461
81.0805055745505,12.2671141013445,wind_190,15.4,187.04188048342976,-104.58,-316.15,0.8,fill:#0000ff; fill-opacity:0.2; stroke:#ff0000; stroke-opacity:1.0; stroke-width:1.0; symbol:star,-161.696180002982
81.1707299408428,12.2844481971637,wind_191,4.6,212.53323441135208,-231.61,-239.26,0.94,fill:#0000ff; fill-opacity:0.2; stroke:#ff0000; stroke-opacity:1.0; stroke-width:1.0; symbol:star,-135.930775278192
81.2609656613807,12.301748041468,wind_192,7.5,176.46789840810283,-43.41,-330.16,0.87,fill:#0000ff; fill-opacity:0.2; stroke:#ff0000; stroke-opacity:1.0; stroke-width:1.0; symbol:star,-172.509619139931
81.3512161181865,12.3190167658176,wind_193,12.5,347.4894758732449,-9.84,332.85,0.92,fill:#0000ff; fill-opacity:0.2; stroke:#ff0000; stroke-opacity:1.0; stroke-width:1.0; symbol:star,-1.69333427209521
81.4414345241383,12.3362496033654,wind_194,8.9,170.19099122103177,-6.11,-332.94,0.79,fill:#0000ff; fill-opacity:0.2; stroke:#ff0000; stroke-opacity:1.0; stroke-width:1.0; symbol:star,-178.9486456397
80.0707326568032,12.1645317623302,wind_195,6.6,184.75611690935,-92.94,-319.77,0.8,fill:#0000ff; fill-opacity:0.2; stroke:#ff0000; stroke-opacity:1.0; stroke-width:1.0; symbol:star,-163.793683890846
79.9808125674409,12.1468956558303,wind_196,5.1,304.9115425199406,-233.76,237.16,0.89,fill:#0000ff; fill-opacity:0.2; stroke:#ff0000; stroke-opacity:1.0; stroke-width:1.0; symbol:star,-44.5863368182158
80.2509303491727,12.1997859200429,wind_197,13.7,179.59173040794536,-63.06,-326.97,0.77,fill:#0000ff; fill-opacity:0.2; stroke:#ff0000; stroke-opacity:1.0; stroke-width:1.0; symbol:star,-169.083864145516
80.1607845690622,12.1821643088791,wind_198,13.7,181.18444202456067,-72.44,-325.03,0.8,fill:#0000ff; fill-opacity:0.2; stroke:#ff0000; stroke-opacity:1.0; stroke-width:1.0; symbol:star,-167.435734099171
80.3410865209867,12.2173765228073,wind_199,8.9,346.4364860828976,-14.72,332.67,0.69,fill:#0000ff; fill-opacity:0.2; stroke:#ff0000; stroke-opacity:1.0; stroke-width:1.0; symbol:star,-2.53357410021137
80.4321839991382,11.3000235153483,wind_2,3.3,293.4338819756485,-275.48,187.09,0.96,fill:#0000ff; fill-opacity:0.2; stroke:#ff0000; stroke-opacity:1.0; stroke-width:1.0; symbol:star,-55.8179325344596
80.0546793843779,11.3190585776807,wind_20,4.7,233.70567831222823,-303.18,-137.74,0.94,fill:#0000ff; fill-opacity:0.2; stroke:#ff0000; stroke-opacity:1.0; stroke-width:1.0; symbol:star,-114.433132649454
80.5214436344444,12.2524620470841,wind_200,1.0,270.4397633820191,-326.38,66.08,0.93,fill:#0000ff; fill-opacity:0.2; stroke:#ff0000; stroke-opacity:1.0; stroke-width:1.0; symbol:star,-78.5544189298235
80.4312590969198,12.2349333479493,wind_201,1.8,331.9273565394748,-99.13,317.9,0.93,fill:#0000ff; fill-opacity:0.2; stroke:#ff0000; stroke-opacity:1.0; stroke-width:1.0; symbol:star,-17.3189207691486
80.6116367849378,12.2699629076793,wind_202,6.7,223.3693313668894,-272.94,-190.77,0.98,fill:#0000ff; fill-opacity:0.2; stroke:#ff0000; stroke-opacity:1.0; stroke-width:1.0; symbol:star,-124.951424788369
80.7018372089302,12.2874362617831,wind_203,5.6,216.57341667969413,-248.39,-221.79,0.91,fill:#0000ff; fill-opacity:0.2; stroke:#ff0000; stroke-opacity:1.0; stroke-width:1.0; symbol:star,-131.761995703745
80.7920540015191,12.3048774399177,wind_204,12.1,196.87724366751803,-158.18,-293.03,0.81,fill:#0000ff; fill-opacity:0.2; stroke:#ff0000; stroke-opacity:1.0; stroke-width:1.0; symbol:star,-151.639462219362
80.8822811849693,12.322285091115,wind_205,16.3,187.3395779180232,-106.46,-315.52,0.8,fill:#0000ff; fill-opacity:0.2; stroke:#ff0000; stroke-opacity:1.0; stroke-width:1.0; symbol:star,-161.355025993941
80.972519633315,12.3396649612837,wind_206,10.9,189.97708960918817,-120.97,-310.25,0.79,fill:#0000ff; fill-opacity:0.2; stroke:#ff0000; stroke-opacity:1.0; stroke-width:1.0; symbol:star,-158.698624633934
81.0627692803436,12.357016980398,wind_207,10.9,190.2072441204191,-122.09,-309.81,0.78,fill:#0000ff; fill-opacity:0.2; stroke:#ff0000; stroke-opacity:1.0; stroke-width:1.0; symbol:star,-158.491580101433
81.1530293239959,12.3743408853467,wind_208,6.0,181.9947946457388,-75.62999999999998,-324.3,0.83,fill:#0000ff; fill-opacity:0.2; stroke:#ff0000; stroke-opacity:1.0; stroke-width:1.0; symbol:star,-166.872679992995
81.3335867980907,12.4088883392108,wind_209,6.5,173.36323686694269,-24.9,-332.07,0.86,fill:#0000ff; fill-opacity:0.2; stroke:#ff0000; stroke-opacity:1.0; stroke-width:1.0; symbol:star,-175.711747447052
79.875260472521,11.2834570890784,wind_21,3.0,347.19496293198443,-9.47,332.87,0.91,fill:#0000ff; fill-opacity:0.2; stroke:#ff0000; stroke-opacity:1.0; stroke-width:1.0; symbol:star,-1.62959929164019
81.2433004723482,12.391630172256,wind_210,6.7,172.37329730424884,-19.18,-332.45,0.71,fill:#0000ff; fill-opacity:0.2; stroke:#ff0000; stroke-opacity:1.0; stroke-width:1.0; symbol:star,-176.698101292427
81.4238411238632,12.426110384076,wind_211,7.4,183.8155087184332,-85.75,-321.77,0.84,fill:#0000ff; fill-opacity:0.2; stroke:#ff0000; stroke-opacity:1.0; stroke-width:1.0; symbol:star,-165.077781977802
80.2328594707732,12.2897682038274,wind_212,14.1,344.385772645892,-26.69,331.93,0.82,fill:#0000ff; fill-opacity:0.2; stroke:#ff0000; stroke-opacity:1.0; stroke-width:1.0; symbol:star,-4.59717811896693
80.4132608288475,12.3248992764566,wind_213,7.9,296.92232254885664,-264.0,202.96,0.91,fill:#0000ff; fill-opacity:0.2; stroke:#ff0000; stroke-opacity:1.0; stroke-width:1.0; symbol:star,-52.4473537714163
80.3230522578237,12.3073506855188,wind_214,9.3,324.058459982162,-142.12,301.15,0.84,fill:#0000ff; fill-opacity:0.2; stroke:#ff0000; stroke-opacity:1.0; stroke-width:1.0; symbol:star,-25.2637628765692
80.142719261961,12.2721623041319,wind_215,8.800000000000002,182.60334043483968,-80.22,-323.19,0.81,fill:#0000ff; fill-opacity:0.2; stroke:#ff0000; stroke-opacity:1.0; stroke-width:1.0; symbol:star,-166.060154968898
80.0527122092376,12.2545530034516,wind_216,4.5,315.76788657425334,-185.0,276.88,0.84,fill:#0000ff; fill-opacity:0.2; stroke:#ff0000; stroke-opacity:1.0; stroke-width:1.0; symbol:star,-33.7492415842619
80.50348202578,12.3424194442916,wind_217,4.8,276.8830499497044,-317.12,101.6,0.94,fill:#0000ff; fill-opacity:0.2; stroke:#ff0000; stroke-opacity:1.0; stroke-width:1.0; symbol:star,-72.2354012329541
80.5937120400737,12.359911474109,wind_218,3.9,237.6326916473096,-311.28,-118.29,0.87,fill:#0000ff; fill-opacity:0.2; stroke:#ff0000; stroke-opacity:1.0; stroke-width:1.0; symbol:star,-110.807370033822
80.6839489263727,12.3773757541592,wind_219,14.2,225.02017218021751,-278.23,-182.97,0.81,fill:#0000ff; fill-opacity:0.2; stroke:#ff0000; stroke-opacity:1.0; stroke-width:1.0; symbol:star,-123.329775484715
80.3241757941344,11.3723014079539,wind_22,4.7,330.0559106295294,-108.89,314.69,0.97,fill:#0000ff; fill-opacity:0.2; stroke:#ff0000; stroke-opacity:1.0; stroke-width:1.0; symbol:star,-19.0868005773933
80.7742014011774,12.3948077504734,wind_220,5.3,215.803434287733,-245.29,-225.21,0.87,fill:#0000ff; fill-opacity:0.2; stroke:#ff0000; stroke-opacity:1.0; stroke-width:1.0; symbol:star,-132.556213594049
80.8644643885281,12.4122059735587,wind_221,13.7,207.2378495239462,-208.7,-259.49,0.81,fill:#0000ff; fill-opacity:0.2; stroke:#ff0000; stroke-opacity:1.0; stroke-width:1.0; symbol:star,-141.191326507665
80.9547400035005,12.4295760335002,wind_222,10.1,201.93980792327412,-183.47,-277.9,0.81,fill:#0000ff; fill-opacity:0.2; stroke:#ff0000; stroke-opacity:1.0; stroke-width:1.0; symbol:star,-146.567147107019
81.1353225657217,12.4642315509661,wind_223,13.0,182.6744132268689,-79.58,-323.35,0.78,fill:#0000ff; fill-opacity:0.2; stroke:#ff0000; stroke-opacity:1.0; stroke-width:1.0; symbol:star,-166.173662343952
81.2256291460411,12.4815104048006,wind_224,5.6,185.5270995826291,-95.74,-318.94,0.81,fill:#0000ff; fill-opacity:0.2; stroke:#ff0000; stroke-opacity:1.0; stroke-width:1.0; symbol:star,-163.291197185601
81.0450268398375,12.4469179370029,wind_225,8.4,182.12619320429127,-76.56,-324.08,0.82,fill:#0000ff; fill-opacity:0.2; stroke:#ff0000; stroke-opacity:1.0; stroke-width:1.0; symbol:star,-166.708249261842
81.3159513456697,12.4987578259907,wind_226,5.7,182.69902872334933,-79.45999999999998,-323.38,0.82,fill:#0000ff; fill-opacity:0.2; stroke:#ff0000; stroke-opacity:1.0; stroke-width:1.0; symbol:star,-166.194944820212
81.4062414941246,12.5159689015703,wind_227,8.6,185.7101317509908,-96.57,-318.69,0.9,fill:#0000ff; fill-opacity:0.2; stroke:#ff0000; stroke-opacity:1.0; stroke-width:1.0; symbol:star,-163.142050318578
80.124736121375,12.3621754832738,wind_228,8.6,294.56160654994613,-272.28,191.71,0.93,fill:#0000ff; fill-opacity:0.2; stroke:#ff0000; stroke-opacity:1.0; stroke-width:1.0; symbol:star,-54.8509540937746
80.305009412515,12.3973213013458,wind_229,9.3,306.67742473976995,-225.94,244.63,0.88,fill:#0000ff; fill-opacity:0.2; stroke:#ff0000; stroke-opacity:1.0; stroke-width:1.0; symbol:star,-42.7255338045634
80.144501392271,11.3368315443217,wind_23,2.2,261.5751784739159,-332.57,16.95,0.91,fill:#0000ff; fill-opacity:0.2; stroke:#ff0000; stroke-opacity:1.0; stroke-width:1.0; symbol:star,-87.0823469617477
80.214777760932,12.3797469407273,wind_230,12.8,174.470021990209,-33.02,-331.36,0.91,fill:#0000ff; fill-opacity:0.2; stroke:#ff0000; stroke-opacity:1.0; stroke-width:1.0; symbol:star,-174.309266631931
80.485508723251,12.4323733067714,wind_231,14.9,254.69777808292423,-332.19,-23.22,0.8,fill:#0000ff; fill-opacity:0.2; stroke:#ff0000; stroke-opacity:1.0; stroke-width:1.0; symbol:star,-93.9984573582304
80.3952539653963,12.4148614017017,wind_232,19.5,287.9561064679972,-292.15,159.81,0.88,fill:#0000ff; fill-opacity:0.2; stroke:#ff0000; stroke-opacity:1.0; stroke-width:1.0; symbol:star,-61.3207444012722
80.5757738955921,12.4498567378748,wind_233,6.2,259.5263708179217,-332.97,4.14,0.91,fill:#0000ff; fill-opacity:0.2; stroke:#ff0000; stroke-opacity:1.0; stroke-width:1.0; symbol:star,-89.2876466200763
80.6660496745776,12.4673116246251,wind_234,16.9,206.8370177446204,-207.05,-260.8,0.9,fill:#0000ff; fill-opacity:0.2; stroke:#ff0000; stroke-opacity:1.0; stroke-width:1.0; symbol:star,-141.553820550125
80.8466364619576,12.5021223534494,wind_235,6.4,208.56539180047824,-214.67,-254.57,0.82,fill:#0000ff; fill-opacity:0.2; stroke:#ff0000; stroke-opacity:1.0; stroke-width:1.0; symbol:star,-139.860232835725
80.7563376796734,12.4847338756517,wind_236,10.2,226.98907863532463,-284.24,-173.48,0.87,fill:#0000ff; fill-opacity:0.2; stroke:#ff0000; stroke-opacity:1.0; stroke-width:1.0; symbol:star,-121.396939829273
80.9369478756812,12.5194826681033,wind_237,6.4,195.55918415711045,-151.01,-296.79,0.8,fill:#0000ff; fill-opacity:0.2; stroke:#ff0000; stroke-opacity:1.0; stroke-width:1.0; symbol:star,-153.032509898166
81.0272704690655,12.5368145369647,wind_238,13.5,194.00040942430084,-142.63,-300.91,0.74,fill:#0000ff; fill-opacity:0.2; stroke:#ff0000; stroke-opacity:1.0; stroke-width:1.0; symbol:star,-154.639256557977
81.1176018880325,12.5541176330623,wind_239,7.8,194.7376341827044,-146.42,-299.08,0.84,fill:#0000ff; fill-opacity:0.2; stroke:#ff0000; stroke-opacity:1.0; stroke-width:1.0; symbol:star,-153.915108502715
80.4140267922516,11.3899975142316,wind_24,12.4,325.93222228228404,-131.62,305.88,0.9,fill:#0000ff; fill-opacity:0.2; stroke:#ff0000; stroke-opacity:1.0; stroke-width:1.0; symbol:star,-23.2821837951602
81.2079439104675,12.5713863355556,wind_240,5.8,198.98972177619004,-168.37,-287.3,0.87,fill:#0000ff; fill-opacity:0.2; stroke:#ff0000; stroke-opacity:1.0; stroke-width:1.0; symbol:star,-149.627886253029
81.2983019949478,12.5886225840983,wind_241,5.3,186.5215428071324,-101.19,-317.25,0.85,fill:#0000ff; fill-opacity:0.2; stroke:#ff0000; stroke-opacity:1.0; stroke-width:1.0; symbol:star,-162.309407139241
81.3886277451103,12.6058222901757,wind_242,8.300000000000002,194.19078208276449,-143.22,-300.63,0.87,fill:#0000ff; fill-opacity:0.2; stroke:#ff0000; stroke-opacity:1.0; stroke-width:1.0; symbol:star,-154.526890415277
80.5578244184846,12.5397986931778,wind_243,10.4,252.77002758037057,-331.22,-34.36,0.92,fill:#0000ff; fill-opacity:0.2; stroke:#ff0000; stroke-opacity:1.0; stroke-width:1.0; symbol:star,-95.9225476563831
80.377234548496,12.5048208864867,wind_244,9.3,274.3181847570759,-321.26,87.64,0.88,fill:#0000ff; fill-opacity:0.2; stroke:#ff0000; stroke-opacity:1.0; stroke-width:1.0; symbol:star,-74.7409577347
80.1967442474658,12.4697343157638,wind_245,6.6,332.2884840238317,-97.33,318.46,0.94,fill:#0000ff; fill-opacity:0.2; stroke:#ff0000; stroke-opacity:1.0; stroke-width:1.0; symbol:star,-16.994571343602
80.467523813704,12.5223241169183,wind_246,9.2,284.7881406605492,-300.47,143.54,0.91,fill:#0000ff; fill-opacity:0.2; stroke:#ff0000; stroke-opacity:1.0; stroke-width:1.0; symbol:star,-64.4653428948685
80.7384596291569,12.5746568474567,wind_247,11.6,228.66158246643428,-289.15,-165.17,0.81,fill:#0000ff; fill-opacity:0.2; stroke:#ff0000; stroke-opacity:1.0; stroke-width:1.0; symbol:star,-119.736131340925
80.2869591560601,12.4872903573396,wind_248,14.2,269.2204274325907,-327.66,59.39,0.89,fill:#0000ff; fill-opacity:0.2; stroke:#ff0000; stroke-opacity:1.0; stroke-width:1.0; symbol:star,-79.7263942433631
80.6481374545111,12.5572443417177,wind_249,6.5,253.697538742765,-331.72,-29.15,0.88,fill:#0000ff; fill-opacity:0.2; stroke:#ff0000; stroke-opacity:1.0; stroke-width:1.0; symbol:star,-95.0219845648964
80.5038878991494,11.4076652915074,wind_25,8.800000000000002,312.29607629168936,-200.58,265.82,0.88,fill:#0000ff; fill-opacity:0.2; stroke:#ff0000; stroke-opacity:1.0; stroke-width:1.0; symbol:star,-37.0371368968015
80.9191420448462,12.6093859291823,wind_250,9.8,213.89234751177364,-237.38,-233.54,0.76,fill:#0000ff; fill-opacity:0.2; stroke:#ff0000; stroke-opacity:1.0; stroke-width:1.0; symbol:star,-134.532806172793
80.8287952372772,12.5920355799668,wind_251,12.1,230.0966844244902,-293.09,-158.08,0.81,fill:#0000ff; fill-opacity:0.2; stroke:#ff0000; stroke-opacity:1.0; stroke-width:1.0; symbol:star,-118.340493269756
81.0094994219166,12.6267075968175,wind_252,11.5,204.01160574803333,-193.38,-271.1,0.78,fill:#0000ff; fill-opacity:0.2; stroke:#ff0000; stroke-opacity:1.0; stroke-width:1.0; symbol:star,-144.499124630635
81.1902444029206,12.6612584950387,wind_253,9.3,203.38012856567724,-190.14,-273.38,0.89,fill:#0000ff; fill-opacity:0.2; stroke:#ff0000; stroke-opacity:1.0; stroke-width:1.0; symbol:star,-145.180792137348
81.0998665767029,12.6440003017101,wind_254,14.1,201.0866275755034,-179.04,-280.77,0.82,fill:#0000ff; fill-opacity:0.2; stroke:#ff0000; stroke-opacity:1.0; stroke-width:1.0; symbol:star,-147.475362015658
81.2806382210644,12.6784836631093,wind_255,10.9,190.843581757194,-125.26,-308.54,0.79,fill:#0000ff; fill-opacity:0.2; stroke:#ff0000; stroke-opacity:1.0; stroke-width:1.0; symbol:star,-157.904001767088
81.370999619616,12.6956720749259,wind_256,12.5,192.5321442744909,-134.39,-304.68,0.81,fill:#0000ff; fill-opacity:0.2; stroke:#ff0000; stroke-opacity:1.0; stroke-width:1.0; symbol:star,-156.198408656347
80.1787719218288,12.5597326575633,wind_257,20.0,328.16557213634155,-120.45,310.45,0.91,fill:#0000ff; fill-opacity:0.2; stroke:#ff0000; stroke-opacity:1.0; stroke-width:1.0; symbol:star,-21.2055152444203
80.2688994893001,12.5772574330081,wind_258,11.2,300.79542906124556,-249.99,219.99,0.88,fill:#0000ff; fill-opacity:0.2; stroke:#ff0000; stroke-opacity:1.0; stroke-width:1.0; symbol:star,-48.6523777799669
80.4495241671811,12.6122710518994,wind_259,7.9,274.4729193312171,-321.07,88.34,0.9,fill:#0000ff; fill-opacity:0.2; stroke:#ff0000; stroke-opacity:1.0; stroke-width:1.0; symbol:star,-74.6161588295481
79.9648715634308,11.3012532298345,wind_26,5.6,170.5549066235481,-10.88,-332.82,0.71,fill:#0000ff; fill-opacity:0.2; stroke:#ff0000; stroke-opacity:1.0; stroke-width:1.0; symbol:star,-178.127648086227
80.3591991928006,12.5947770190094,wind_260,6.0,257.0139047816599,-332.85,-9.96,0.89,fill:#0000ff; fill-opacity:0.2; stroke:#ff0000; stroke-opacity:1.0; stroke-width:1.0; symbol:star,-91.713972446688
80.6302087687611,12.6471730553662,wind_261,7.8,234.79725475845623,-305.05,-133.55,0.83,fill:#0000ff; fill-opacity:0.2; stroke:#ff0000; stroke-opacity:1.0; stroke-width:1.0; symbol:star,-113.643663129292
80.5398605527741,12.6297364481386,wind_262,9.8,234.6116619155224,-304.65,-134.45,0.8,fill:#0000ff; fill-opacity:0.2; stroke:#ff0000; stroke-opacity:1.0; stroke-width:1.0; symbol:star,-113.813120046479
80.7205633849447,12.6645758158176,wind_263,12.0,236.5257110319587,-308.86,-124.48,0.85,fill:#0000ff; fill-opacity:0.2; stroke:#ff0000; stroke-opacity:1.0; stroke-width:1.0; symbol:star,-111.950938076381
80.81093712801,12.6819448030401,wind_264,4.5,229.9819593153723,-292.75,-158.7,0.77,fill:#0000ff; fill-opacity:0.2; stroke:#ff0000; stroke-opacity:1.0; stroke-width:1.0; symbol:star,-118.462155183754
80.9013188152395,12.699284907319,wind_265,4.8,233.13886678971744,-300.91,-142.62,0.87,fill:#0000ff; fill-opacity:0.2; stroke:#ff0000; stroke-opacity:1.0; stroke-width:1.0; symbol:star,-115.35918865149
80.9917097399147,12.7165961622362,wind_266,10.2,221.78595156530915,-267.09,-198.88,0.85,fill:#0000ff; fill-opacity:0.2; stroke:#ff0000; stroke-opacity:1.0; stroke-width:1.0; symbol:star,-126.672030124826
81.0821126848445,12.733878636729,wind_267,13.1,200.42451447321383,-175.72,-282.86,0.86,fill:#0000ff; fill-opacity:0.2; stroke:#ff0000; stroke-opacity:1.0; stroke-width:1.0; symbol:star,-148.150372916965
81.1725267754048,12.751125866609,wind_268,8.800000000000002,196.70017610476853,-156.63,-293.86,0.82,fill:#0000ff; fill-opacity:0.2; stroke:#ff0000; stroke-opacity:1.0; stroke-width:1.0; symbol:star,-151.941986448949
81.262956134884,12.7683400712312,wind_269,11.6,197.32750070987,-159.74,-292.19,0.84,fill:#0000ff; fill-opacity:0.2; stroke:#ff0000; stroke-opacity:1.0; stroke-width:1.0; symbol:star,-151.334613695318
80.2343338066625,11.3545793439351,wind_27,3.1,174.0143752286023,-31.06,-331.55,0.92,fill:#0000ff; fill-opacity:0.2; stroke:#ff0000; stroke-opacity:1.0; stroke-width:1.0; symbol:star,-174.648082906199
81.3533532411933,12.7855172843114,wind_270,12.4,191.67319173848875,-129.71,-306.7,0.89,fill:#0000ff; fill-opacity:0.2; stroke:#ff0000; stroke-opacity:1.0; stroke-width:1.0; symbol:star,-157.075456917012
80.2510210404319,12.6672294841555,wind_271,6.7,324.42833919019324,-141.23,301.57,0.96,fill:#0000ff; fill-opacity:0.2; stroke:#ff0000; stroke-opacity:1.0; stroke-width:1.0; symbol:star,-25.0944359032487
80.3412210425758,12.6847140387995,wind_272,16.4,324.2215259903704,-141.8,301.3,0.99,fill:#0000ff; fill-opacity:0.2; stroke:#ff0000; stroke-opacity:1.0; stroke-width:1.0; symbol:star,-25.2029552055963
80.5219029634021,12.7196455965387,wind_273,7.4,269.3722288707768,-327.58,59.86,0.9,fill:#0000ff; fill-opacity:0.2; stroke:#ff0000; stroke-opacity:1.0; stroke-width:1.0; symbol:star,-79.6443689638362
80.431531517733,12.7021893299298,wind_274,5.5,287.8438445229766,-292.5,159.16,0.87,fill:#0000ff; fill-opacity:0.2; stroke:#ff0000; stroke-opacity:1.0; stroke-width:1.0; symbol:star,-61.4477635456449
80.7026740287526,12.7544662397997,wind_275,7.1,251.51045596541732,-330.37,-41.74,0.87,fill:#0000ff; fill-opacity:0.2; stroke:#ff0000; stroke-opacity:1.0; stroke-width:1.0; symbol:star,-97.2007789662234
80.6122851767317,12.7370729911325,wind_276,8.0,249.1545522541518,-328.43,-54.97,0.82,fill:#0000ff; fill-opacity:0.2; stroke:#ff0000; stroke-opacity:1.0; stroke-width:1.0; symbol:star,-99.5016404776421
80.7930828397333,12.7718253069807,wind_277,12.6,239.37109337273304,-314.5,-109.44,0.92,fill:#0000ff; fill-opacity:0.2; stroke:#ff0000; stroke-opacity:1.0; stroke-width:1.0; symbol:star,-109.186921592758
80.9739267939502,12.8064561294537,wind_278,6.2,225.25023304256345,-278.51,-182.54,0.76,fill:#0000ff; fill-opacity:0.2; stroke:#ff0000; stroke-opacity:1.0; stroke-width:1.0; symbol:star,-123.241487784801
80.883500413376,12.7891552201455,wind_279,8.800000000000002,235.72672998346653,-306.95,-129.13,0.85,fill:#0000ff; fill-opacity:0.2; stroke:#ff0000; stroke-opacity:1.0; stroke-width:1.0; symbol:star,-112.815877279662
80.5937655605976,11.4253013591786,wind_28,6.1,182.63117932137249,-80.95,-323.01,0.97,fill:#0000ff; fill-opacity:0.2; stroke:#ff0000; stroke-opacity:1.0; stroke-width:1.0; symbol:star,-165.930789313944
81.0643639955395,12.8237281627747,wind_280,11.9,192.91504815878727,-136.64,-303.67,0.73,fill:#0000ff; fill-opacity:0.2; stroke:#ff0000; stroke-opacity:1.0; stroke-width:1.0; symbol:star,-155.774059110442
81.154815755055,12.8409644292062,wind_281,3.3,208.5528362267557,-214.07,-255.08,0.9,fill:#0000ff; fill-opacity:0.2; stroke:#ff0000; stroke-opacity:1.0; stroke-width:1.0; symbol:star,-139.995720857156
81.2452796136944,12.8581676703798,wind_282,10.9,211.69742640172203,-227.69,-243.0,0.88,fill:#0000ff; fill-opacity:0.2; stroke:#ff0000; stroke-opacity:1.0; stroke-width:1.0; symbol:star,-136.862986733663
81.3357116029561,12.8753336847238,wind_283,6.2,212.84053366325452,-232.49,-238.41,0.89,fill:#0000ff; fill-opacity:0.2; stroke:#ff0000; stroke-opacity:1.0; stroke-width:1.0; symbol:star,-135.720265761408
80.8634529365454,11.4780544620897,wind_29,9.5,326.9937391201515,-126.25,308.14,0.88,fill:#0000ff; fill-opacity:0.2; stroke:#ff0000; stroke-opacity:1.0; stroke-width:1.0; symbol:star,-22.2797152495906
80.5220155473567,11.3177002258045,wind_3,1.0,293.1785367726311,-276.32,185.83,0.89,fill:#0000ff; fill-opacity:0.2; stroke:#ff0000; stroke-opacity:1.0; stroke-width:1.0; symbol:star,-56.0784828737072
80.6836519500828,11.4429117012002,wind_30,7.2,292.53295935299553,-278.5,182.56,0.9,fill:#0000ff; fill-opacity:0.2; stroke:#ff0000; stroke-opacity:1.0; stroke-width:1.0; symbol:star,-56.7546909650044
80.9533731617982,11.495583153764,wind_31,5.3,320.8620878503486,-158.84,292.68,0.79,fill:#0000ff; fill-opacity:0.2; stroke:#ff0000; stroke-opacity:1.0; stroke-width:1.0; symbol:star,-28.4890716479123
81.0433048355661,11.5130809809692,wind_32,3.7,313.0563165324394,-197.4,268.18,0.98,fill:#0000ff; fill-opacity:0.2; stroke:#ff0000; stroke-opacity:1.0; stroke-width:1.0; symbol:star,-36.3557732606133
80.7735473117516,11.4604960922089,wind_33,13.2,326.7576518582893,-127.46,307.64,0.88,fill:#0000ff; fill-opacity:0.2; stroke:#ff0000; stroke-opacity:1.0; stroke-width:1.0; symbol:star,-22.5049818347686
81.493120957732,11.6001643290982,wind_34,9.6,311.5657681873876,-204.62,262.71,0.88,fill:#0000ff; fill-opacity:0.2; stroke:#ff0000; stroke-opacity:1.0; stroke-width:1.0; symbol:star,-37.9143706923082
81.2231980399796,11.5479980986477,wind_35,1.7,279.13387267580396,-313.03,113.57,0.88,fill:#0000ff; fill-opacity:0.2; stroke:#ff0000; stroke-opacity:1.0; stroke-width:1.0; symbol:star,-70.0587891378785
81.4031314418252,11.5828059129473,wind_36,2.9,324.28910412242703,-141.26,301.55,0.91,fill:#0000ff; fill-opacity:0.2; stroke:#ff0000; stroke-opacity:1.0; stroke-width:1.0; symbol:star,-25.1005699729862
81.1332460764379,11.5305524617943,wind_37,4.400000000000001,327.0421024936596,-126.22,308.15,0.84,fill:#0000ff; fill-opacity:0.2; stroke:#ff0000; stroke-opacity:1.0; stroke-width:1.0; symbol:star,-22.2742864726203
81.3131611878865,11.5654182821451,wind_38,7.8,325.98493920025294,-132.11,305.67,0.84,fill:#0000ff; fill-opacity:0.2; stroke:#ff0000; stroke-opacity:1.0; stroke-width:1.0; symbol:star,-23.3739100542572
80.1262614172782,11.4268312629493,wind_39,2.1,340.25799890513144,-50.28,329.18,0.99,fill:#0000ff; fill-opacity:0.2; stroke:#ff0000; stroke-opacity:1.0; stroke-width:1.0; symbol:star,-8.68441747965758
80.7915832534555,11.3705588148889,wind_4,3.5,324.4904204339033,-139.65,302.3,0.88,fill:#0000ff; fill-opacity:0.2; stroke:#ff0000; stroke-opacity:1.0; stroke-width:1.0; symbol:star,-24.7949690080329
80.0364090102417,11.4090660193839,wind_40,8.5,191.9507677536964,-133.71,-304.97,0.9,fill:#0000ff; fill-opacity:0.2; stroke:#ff0000; stroke-opacity:1.0; stroke-width:1.0; symbol:star,-156.325597403257
79.8569089158624,11.3734758173093,wind_41,5.2,178.59056794821691,-58.9,-327.75,0.94,fill:#0000ff; fill-opacity:0.2; stroke:#ff0000; stroke-opacity:1.0; stroke-width:1.0; symbol:star,-169.812113367781
79.946571337816,11.3912685351952,wind_42,3.1,321.2626071199722,-156.02,294.19,0.96,fill:#0000ff; fill-opacity:0.2; stroke:#ff0000; stroke-opacity:1.0; stroke-width:1.0; symbol:star,-27.9386859306878
81.5830760533299,11.6174886690508,wind_43,5.6,276.44235842525967,-318.07,98.61000000000001,0.96,fill:#0000ff; fill-opacity:0.2; stroke:#ff0000; stroke-opacity:1.0; stroke-width:1.0; symbol:star,-72.7751997766362
80.3059955364179,11.4622845603135,wind_44,6.1,197.7830062053292,-164.11,-289.75,0.97,fill:#0000ff; fill-opacity:0.2; stroke:#ff0000; stroke-opacity:1.0; stroke-width:1.0; symbol:star,-150.473442974229
80.3958779619942,11.4799721612612,wind_45,4.5,246.74594921146408,-326.1,-67.42,0.96,fill:#0000ff; fill-opacity:0.2; stroke:#ff0000; stroke-opacity:1.0; stroke-width:1.0; symbol:star,-101.681118841679
80.2161233954014,11.4445708918397,wind_46,4.2,334.60410375844776,-83.14,322.45,0.95,fill:#0000ff; fill-opacity:0.2; stroke:#ff0000; stroke-opacity:1.0; stroke-width:1.0; symbol:star,-14.4581481841531
80.8454590603886,11.5679825800792,wind_47,7.5,307.1365370060731,-223.98,246.42,0.87,fill:#0000ff; fill-opacity:0.2; stroke:#ff0000; stroke-opacity:1.0; stroke-width:1.0; symbol:star,-42.268827958478
80.6655949819757,11.5328589602545,wind_48,4.7,318.45022718042424,-170.96,285.77,0.88,fill:#0000ff; fill-opacity:0.2; stroke:#ff0000; stroke-opacity:1.0; stroke-width:1.0; symbol:star,-30.8896925136592
80.4857703035999,11.4976310053568,wind_49,13.6,327.47033820891994,-123.39,309.3,0.97,fill:#0000ff; fill-opacity:0.2; stroke:#ff0000; stroke-opacity:1.0; stroke-width:1.0; symbol:star,-21.7486915563474
80.6118637033783,11.3353452266559,wind_5,5.5,307.2957072657735,-223.05,247.26,0.92,fill:#0000ff; fill-opacity:0.2; stroke:#ff0000; stroke-opacity:1.0; stroke-width:1.0; symbol:star,-42.0532041904528
81.0253726894712,11.6029888336736,wind_50,9.5,330.97077705908754,-104.52,316.17,0.84,fill:#0000ff; fill-opacity:0.2; stroke:#ff0000; stroke-opacity:1.0; stroke-width:1.0; symbol:star,-18.2929379796367
80.7555223215004,11.5504338954672,wind_51,14.1,312.813705182487,-198.41,267.43,0.85,fill:#0000ff; fill-opacity:0.2; stroke:#ff0000; stroke-opacity:1.0; stroke-width:1.0; symbol:star,-36.5722286264985
81.1153439775963,11.6204500145193,wind_52,3.1,305.5873967810027,-230.72,240.12,0.93,fill:#0000ff; fill-opacity:0.2; stroke:#ff0000; stroke-opacity:1.0; stroke-width:1.0; symbol:star,-43.8562807114555
80.5756772884341,11.5152579055996,wind_53,11.2,334.11240382859586,-86.31999999999998,321.62,0.98,fill:#0000ff; fill-opacity:0.2; stroke:#ff0000; stroke-opacity:1.0; stroke-width:1.0; symbol:star,-15.0236297899867
80.9354097238446,11.5855012690504,wind_54,14.4,322.0310232881073,-152.84,295.85,0.87,fill:#0000ff; fill-opacity:0.2; stroke:#ff0000; stroke-opacity:1.0; stroke-width:1.0; symbol:star,-27.3214709672413
81.2953218535636,11.655294183633,wind_55,1.5,341.2942866100403,-45.5,329.88,0.85,fill:#0000ff; fill-opacity:0.2; stroke:#ff0000; stroke-opacity:1.0; stroke-width:1.0; symbol:star,-7.85319575433096
81.2053263070953,11.6378850762419,wind_56,5.4,328.7986052808177,-116.75,311.86,0.87,fill:#0000ff; fill-opacity:0.2; stroke:#ff0000; stroke-opacity:1.0; stroke-width:1.0; symbol:star,-20.5242268765466
81.3853236771894,11.6726707023484,wind_57,4.1,275.1852767179716,-320.05,91.97000000000001,0.96,fill:#0000ff; fill-opacity:0.2; stroke:#ff0000; stroke-opacity:1.0; stroke-width:1.0; symbol:star,-73.967394539523
81.4753437150154,11.6900177905956,wind_58,3.2,321.534197624658,-155.86,294.27,0.78,fill:#0000ff; fill-opacity:0.2; stroke:#ff0000; stroke-opacity:1.0; stroke-width:1.0; symbol:star,-27.9079155998982
81.565329668748,11.7073306749176,wind_59,2.3,328.6979518502825,-117.72,311.5,0.91,fill:#0000ff; fill-opacity:0.2; stroke:#ff0000; stroke-opacity:1.0; stroke-width:1.0; symbol:star,-20.7022466481342
79.8934687153562,11.1934094967882,wind_6,3.7,339.2564409216014,-56.31,328.2,0.96,fill:#0000ff; fill-opacity:0.2; stroke:#ff0000; stroke-opacity:1.0; stroke-width:1.0; symbol:star,-9.73557340593544
80.0181429899221,11.4990736401589,wind_60,3.8,196.02305198443324,-155.34,-294.55,0.92,fill:#0000ff; fill-opacity:0.2; stroke:#ff0000; stroke-opacity:1.0; stroke-width:1.0; symbol:star,-152.19369856944
80.108024942568,11.5168311687051,wind_61,5.3,224.37466130443357,-276.97,-184.87,0.85,fill:#0000ff; fill-opacity:0.2; stroke:#ff0000; stroke-opacity:1.0; stroke-width:1.0; symbol:star,-123.722040347609
79.9282730094369,11.4812838709896,wind_62,4.0,230.25344491917727,-294.45,-155.52,0.96,fill:#0000ff; fill-opacity:0.2; stroke:#ff0000; stroke-opacity:1.0; stroke-width:1.0; symbol:star,-117.841722498819
79.8384746050946,11.4634778787024,wind_63,2.5,188.596694394946,-115.97,-312.15,0.96,fill:#0000ff; fill-opacity:0.2; stroke:#ff0000; stroke-opacity:1.0; stroke-width:1.0; symbol:star,-159.618956371093
80.197916098648,11.5345625247802,wind_64,4.8,231.30544577764763,-297.05,-150.5,0.85,fill:#0000ff; fill-opacity:0.2; stroke:#ff0000; stroke-opacity:1.0; stroke-width:1.0; symbol:star,-116.868994510585
80.3777339680324,11.5699471825469,wind_65,8.5,231.6291317753964,-297.77,-149.06,0.92,fill:#0000ff; fill-opacity:0.2; stroke:#ff0000; stroke-opacity:1.0; stroke-width:1.0; symbol:star,-116.591983115505
80.2878188911136,11.5522678398777,wind_66,8.1,240.60848568809564,-317.22,-101.3,0.93,fill:#0000ff; fill-opacity:0.2; stroke:#ff0000; stroke-opacity:1.0; stroke-width:1.0; symbol:star,-107.710192822661
80.4676585112687,11.5875970934622,wind_67,5.0,233.45522146165544,-302.29,-139.67,0.81,fill:#0000ff; fill-opacity:0.2; stroke:#ff0000; stroke-opacity:1.0; stroke-width:1.0; symbol:star,-114.798814572766
80.5575947137974,11.6052146910159,wind_68,4.2,282.26733018467223,-306.25,130.76,0.93,fill:#0000ff; fill-opacity:0.2; stroke:#ff0000; stroke-opacity:1.0; stroke-width:1.0; symbol:star,-66.8789024197546
80.6475437845758,11.6228064064369,wind_69,9.1,278.269938637364,-314.53,109.36,0.89,fill:#0000ff; fill-opacity:0.2; stroke:#ff0000; stroke-opacity:1.0; stroke-width:1.0; symbol:star,-70.8277749897602
80.2525496130602,11.2645879432979,wind_7,4.3,238.72450131221177,-313.85,-111.29,0.9,fill:#0000ff; fill-opacity:0.2; stroke:#ff0000; stroke-opacity:1.0; stroke-width:1.0; symbol:star,-109.524310249785
80.737503653177,11.6403720024157,wind_70,5.2,296.0986164181408,-266.82,199.24,0.9,fill:#0000ff; fill-opacity:0.2; stroke:#ff0000; stroke-opacity:1.0; stroke-width:1.0; symbol:star,-53.2505437553087
80.917452288519,11.6754197772916,wind_71,5.6,316.1081476604826,-182.78,278.35,0.84,fill:#0000ff; fill-opacity:0.2; stroke:#ff0000; stroke-opacity:1.0; stroke-width:1.0; symbol:star,-33.2911161799042
81.0974493263495,11.710348220078,wind_72,12.6,335.94589245405683,-76.39,324.12,0.91,fill:#0000ff; fill-opacity:0.2; stroke:#ff0000; stroke-opacity:1.0; stroke-width:1.0; symbol:star,-13.2617018947492
80.8274722782855,11.6579112396616,wind_73,6.5,307.2872187204741,-223.35,246.99,0.85,fill:#0000ff; fill-opacity:0.2; stroke:#ff0000; stroke-opacity:1.0; stroke-width:1.0; symbol:star,-42.1226487465125
81.1874620660507,11.7277726964286,wind_74,6.6,317.9098618831361,-174.1,283.86,0.9,fill:#0000ff; fill-opacity:0.2; stroke:#ff0000; stroke-opacity:1.0; stroke-width:1.0; symbol:star,-31.5220599099085
81.0074474896749,11.6928971905735,wind_75,8.800000000000002,320.3200925452568,-161.77,291.06,0.86,fill:#0000ff; fill-opacity:0.2; stroke:#ff0000; stroke-opacity:1.0; stroke-width:1.0; symbol:star,-29.0651327555856
81.2774901724909,11.7451704738469,wind_76,11.4,176.19200411094388,-42.45,-330.28,0.93,fill:#0000ff; fill-opacity:0.2; stroke:#ff0000; stroke-opacity:1.0; stroke-width:1.0; symbol:star,-172.676080045873
81.3675247044925,11.7625360291138,wind_77,3.9,280.15180490666586,-311.07,118.85,0.96,fill:#0000ff; fill-opacity:0.2; stroke:#ff0000; stroke-opacity:1.0; stroke-width:1.0; symbol:star,-69.0897259734907
81.4575743268029,11.779871813477,wind_78,2.5,327.81231214865016,-122.43,309.68,0.95,fill:#0000ff; fill-opacity:0.2; stroke:#ff0000; stroke-opacity:1.0; stroke-width:1.0; symbol:star,-21.5710467144537
81.5475913581646,11.7971733282969,wind_79,4.8,339.28936531860046,-57.56,327.99,0.83,fill:#0000ff; fill-opacity:0.2; stroke:#ff0000; stroke-opacity:1.0; stroke-width:1.0; symbol:star,-9.95365930712394
81.0612490139517,11.4231740014438,wind_8,7.7,345.4699312505981,-20.5,332.37,0.97,fill:#0000ff; fill-opacity:0.2; stroke:#ff0000; stroke-opacity:1.0; stroke-width:1.0; symbol:star,-3.52943238891432
79.8201026476236,11.5534912713201,wind_80,1.9,184.61380921395383,-93.21,-319.69,0.79,fill:#0000ff; fill-opacity:0.2; stroke:#ff0000; stroke-opacity:1.0; stroke-width:1.0; symbol:star,-163.745232349054
79.9998708800726,11.5890800656192,wind_81,4.1,204.30583145725484,-196.62,-268.76,0.82,fill:#0000ff; fill-opacity:0.2; stroke:#ff0000; stroke-opacity:1.0; stroke-width:1.0; symbol:star,-143.811466373194
80.3595866264815,11.6599202398258,wind_82,14.1,208.35034067881668,-214.79,-254.47,0.87,fill:#0000ff; fill-opacity:0.2; stroke:#ff0000; stroke-opacity:1.0; stroke-width:1.0; symbol:star,-139.833356842652
80.5395094371184,11.6951697963519,wind_83,5.6,251.20777934102207,-330.27,-42.59,0.79,fill:#0000ff; fill-opacity:0.2; stroke:#ff0000; stroke-opacity:1.0; stroke-width:1.0; symbol:star,-97.3480307346779
80.089784615295,11.6068296009604,wind_84,7.4,198.23657272040373,-166.63,-288.31,0.86,fill:#0000ff; fill-opacity:0.2; stroke:#ff0000; stroke-opacity:1.0; stroke-width:1.0; symbol:star,-149.97405110744
80.2696412243018,11.6422494147287,wind_85,8.300000000000002,211.63262118733087,-229.17,-241.6,0.83,fill:#0000ff; fill-opacity:0.2; stroke:#ff0000; stroke-opacity:1.0; stroke-width:1.0; symbol:star,-136.512460668356
80.1797075133119,11.6245525865153,wind_86,9.3,208.1461290587511,-214.09,-255.06,0.87,fill:#0000ff; fill-opacity:0.2; stroke:#ff0000; stroke-opacity:1.0; stroke-width:1.0; symbol:star,-139.990872794328
79.9099707778361,11.5712976994621,wind_87,8.300000000000002,200.04588630501448,-175.96,-282.72,0.87,fill:#0000ff; fill-opacity:0.2; stroke:#ff0000; stroke-opacity:1.0; stroke-width:1.0; symbol:star,-148.102585639631
80.4495435702975,11.6775612175608,wind_88,7.8,228.23131073519207,-288.44,-166.4,0.86,fill:#0000ff; fill-opacity:0.2; stroke:#ff0000; stroke-opacity:1.0; stroke-width:1.0; symbol:star,-119.980492930483
80.6294898763573,11.7127522814139,wind_89,5.4,265.1702921690045,-330.98,36.63,0.87,fill:#0000ff; fill-opacity:0.2; stroke:#ff0000; stroke-opacity:1.0; stroke-width:1.0; symbol:star,-83.6846992210901
80.3423623095024,11.2823184758904,wind_9,5.7,298.56172527378374,-257.77,210.82,0.93,fill:#0000ff; fill-opacity:0.2; stroke:#ff0000; stroke-opacity:1.0; stroke-width:1.0; symbol:star,-50.7216095776392
80.7194811817395,11.7303084158207,wind_90,4.9,297.96120827715214,-260.27,207.73,0.8,fill:#0000ff; fill-opacity:0.2; stroke:#ff0000; stroke-opacity:1.0; stroke-width:1.0; symbol:star,-51.4054877374785
80.8094799678148,11.7478379352373,wind_91,1.3,296.79035130656587,-264.46,202.36,0.88,fill:#0000ff; fill-opacity:0.2; stroke:#ff0000; stroke-opacity:1.0; stroke-width:1.0; symbol:star,-52.577438153623
80.9895171692314,11.7828035834667,wind_92,12.5,313.18317155426666,-196.88,268.56,0.93,fill:#0000ff; fill-opacity:0.2; stroke:#ff0000; stroke-opacity:1.0; stroke-width:1.0; symbol:star,-36.2449576538985
80.8994918197051,11.7653363215261,wind_93,7.6,303.79366068224846,-238.01,232.9,0.87,fill:#0000ff; fill-opacity:0.2; stroke:#ff0000; stroke-opacity:1.0; stroke-width:1.0; symbol:star,-45.6217110325085
81.0795515610783,11.8002440777052,wind_94,3.8,329.7979583401643,-111.17,313.9,0.92,fill:#0000ff; fill-opacity:0.2; stroke:#ff0000; stroke-opacity:1.0; stroke-width:1.0; symbol:star,-19.5019754650536
81.3497222395321,11.8523993918724,wind_95,3.9,335.0379825330763,-81.87999999999998,322.78,0.89,fill:#0000ff; fill-opacity:0.2; stroke:#ff0000; stroke-opacity:1.0; stroke-width:1.0; symbol:star,-14.2340445720522
81.1695970369054,11.8176577893422,wind_96,9.0,345.37092112345,-21.43,332.31,0.89,fill:#0000ff; fill-opacity:0.2; stroke:#ff0000; stroke-opacity:1.0; stroke-width:1.0; symbol:star,-3.6897797392434
81.4398037517385,11.8697238723517,wind_97,4.2,314.92003646678734,-188.95,274.2,0.91,fill:#0000ff; fill-opacity:0.2; stroke:#ff0000; stroke-opacity:1.0; stroke-width:1.0; symbol:star,-34.5705539203497
81.2596554299666,11.835044800054,wind_98,11.0,338.8692989131042,-59.68,327.61,0.85,fill:#0000ff; fill-opacity:0.2; stroke:#ff0000; stroke-opacity:1.0; stroke-width:1.0; symbol:star,-10.3242371005377
81.5298529618966,11.8870138368769,wind_99,3.9,220.68011197979777,-263.27,-203.9,0.93,fill:#0000ff; fill-opacity:0.2; stroke:#ff0000; stroke-opacity:1.0; stroke-width:1.0; symbol:star,-127.757426306728
