X,Y,WindField,speed,heading,dx,dy,ratio,style_css,direction
79.9831750756057,11.2112379771796,wind_0,5.000000000000000,171.153152729874819,-14.449999999999999,-332.689999999999998,0.950000000000000,"fill:#0000ff; fill-opacity:0.2; stroke:#ff0000; stroke-opacity:1.0; stroke-width:1.0; symbol:star",-177.512988136165
80.07295729951,11.2290514460988,wind_1,6.000000000000000,183.623217103690763,-87.340000000000003,-321.339999999999975,0.860000000000000,"fill:#0000ff; fill-opacity:0.2; stroke:#ff0000; stroke-opacity:1.0; stroke-width:1.0; symbol:star",-164.794378792189
80.9713469968007,11.4056657190068,wind_10,5.200000000000000,330.570599200819686,-106.579999999999998,315.480000000000018,0.920000000000000,"fill:#0000ff; fill-opacity:0.2; stroke:#ff0000; stroke-opacity:1.0; stroke-width:1.0; symbol:star",-18.6667380474291
79.8916673689354,11.661311073591,wind_100,14.600000000000000,183.984801132390345,-89.390000000000001,-320.779999999999973,0.810000000000000,"fill:#0000ff; fill-opacity:0.2; stroke:#ff0000; stroke-opacity:1.0; stroke-width:1.0; symbol:star",-164.428733433976
80.1614985391112,11.7145421746508,wind_101,8.199999999999999,197.842237956445501,-164.469999999999999,-289.550000000000011,0.740000000000000,"fill:#0000ff; fill-opacity:0.2; stroke:#ff0000; stroke-opacity:1.0; stroke-width:1.0; symbol:star",-150.402587149491
80.0715431258318,11.6968275890669,wind_102,8.199999999999999,192.292933424766204,-135.389999999999986,-304.240000000000009,0.830000000000000,"fill:#0000ff; fill-opacity:0.2; stroke:#ff0000; stroke-opacity:1.0; stroke-width:1.0; symbol:star",-156.010432966431
79.9815969339957,11.6790861307824,wind_103,9.400000000000000,189.598844389258176,-120.819999999999993,-310.310000000000002,0.710000000000000,"fill:#0000ff; fill-opacity:0.2; stroke:#ff0000; stroke-opacity:1.0; stroke-width:1.0; symbol:star",-158.726420526571
79.8017494843673,11.6435080794447,wind_104,3.400000000000000,343.129811549845158,-33.509999999999998,331.310000000000002,0.890000000000000,"fill:#0000ff; fill-opacity:0.2; stroke:#ff0000; stroke-opacity:1.0; stroke-width:1.0; symbol:star",-5.77547996671496
80.3414382749976,11.7498927051053,wind_105,6.500000000000000,215.480620541515975,-244.800000000000011,-225.740000000000009,0.790000000000000,"fill:#0000ff; fill-opacity:0.2; stroke:#ff0000; stroke-opacity:1.0; stroke-width:1.0; symbol:star",-132.680407901104
80.25146324928,11.7322304757376,wind_106,8.600000000000000,204.757847783035317,-198.379999999999995,-267.459999999999980,0.820000000000000,"fill:#0000ff; fill-opacity:0.2; stroke:#ff0000; stroke-opacity:1.0; stroke-width:1.0; symbol:star",-143.434992391828
80.4314276795104,11.7675247496601,wind_107,8.500000000000000,232.701098014263948,-300.420000000000016,-143.659999999999997,0.780000000000000,"fill:#0000ff; fill-opacity:0.2; stroke:#ff0000; stroke-opacity:1.0; stroke-width:1.0; symbol:star",-115.556995751268
80.6114351508684,11.8026976827913,wind_108,6.300000000000000,237.319710996753599,-310.790000000000020,-119.579999999999998,0.790000000000000,"fill:#0000ff; fill-opacity:0.2; stroke:#ff0000; stroke-opacity:1.0; stroke-width:1.0; symbol:star",-111.044799354597
80.5214233456166,11.7851243952708,wind_109,8.400000000000000,226.759844176220383,-284.019999999999982,-173.849999999999994,0.830000000000000,"fill:#0000ff; fill-opacity:0.2; stroke:#ff0000; stroke-opacity:1.0; stroke-width:1.0; symbol:star",-121.470999710935
80.1627474298025,11.2468321497672,wind_11,12.500000000000000,169.903326694428443,-6.830000000000000,-332.930000000000007,0.860000000000000,"fill:#0000ff; fill-opacity:0.2; stroke:#ff0000; stroke-opacity:1.0; stroke-width:1.0; symbol:star",-178.824752080638
80.701457563687,11.8202443187506,wind_110,7.600000000000000,231.816742429184131,-297.990000000000009,-148.629999999999995,0.910000000000000,"fill:#0000ff; fill-opacity:0.2; stroke:#ff0000; stroke-opacity:1.0; stroke-width:1.0; symbol:star",-116.508879616604
80.7914859903656,11.8377640388135,wind_111,6.000000000000000,303.175049255172667,-240.490000000000009,230.330000000000013,0.890000000000000,"fill:#0000ff; fill-opacity:0.2; stroke:#ff0000; stroke-opacity:1.0; stroke-width:1.0; symbol:star",-46.2362150839489
80.8815304360344,11.8552522737611,wind_112,8.800000000000002,306.651640165044057,-226.159999999999997,244.419999999999987,0.890000000000000,"fill:#0000ff; fill-opacity:0.2; stroke:#ff0000; stroke-opacity:1.0; stroke-width:1.0; symbol:star",-42.7778564449721
81.0616528564879,11.8901392276088,wind_113,2.800000000000000,347.662462583346326,-7.840000000000000,332.910000000000025,0.930000000000000,"fill:#0000ff; fill-opacity:0.2; stroke:#ff0000; stroke-opacity:1.0; stroke-width:1.0; symbol:star",-1.34906099958197
80.9715853047152,11.8727093843605,wind_114,8.300000000000002,311.647081946220453,-204.080000000000013,263.139999999999986,0.890000000000000,"fill:#0000ff; fill-opacity:0.2; stroke:#ff0000; stroke-opacity:1.0; stroke-width:1.0; symbol:star",-37.7956078557131
81.1517317694738,11.9075421204741,wind_115,8.199999999999999,324.756497157805256,-138.789999999999992,302.699999999999989,0.980000000000000,"fill:#0000ff; fill-opacity:0.2; stroke:#ff0000; stroke-opacity:1.0; stroke-width:1.0; symbol:star",-24.6317764410358
81.3319187206964,11.9422621626316,wind_116,9.500000000000000,343.250509833229955,-34.229999999999997,331.240000000000009,0.940000000000000,"fill:#0000ff; fill-opacity:0.2; stroke:#ff0000; stroke-opacity:1.0; stroke-width:1.0; symbol:star",-5.89994451916114
81.2418197638325,11.9249185342617,wind_117,6.400000000000000,175.378672876138950,-37.640000000000001,-330.870000000000005,0.940000000000000,"fill:#0000ff; fill-opacity:0.2; stroke:#ff0000; stroke-opacity:1.0; stroke-width:1.0; symbol:star",-173.509893756935
81.5121145391812,11.9768536989622,wind_118,11.699999999999999,169.629035158416599,-3.330000000000000,-332.980000000000018,0.880000000000000,"fill:#0000ff; fill-opacity:0.2; stroke:#ff0000; stroke-opacity:1.0; stroke-width:1.0; symbol:star",-179.427026891811
81.4220328182075,11.959575339227,wind_119,8.800000000000002,316.568657514011136,-181.000000000000000,279.509999999999991,0.990000000000000,"fill:#0000ff; fill-opacity:0.2; stroke:#ff0000; stroke-opacity:1.0; stroke-width:1.0; symbol:star",-32.9255519262909
81.4209544335986,11.4929420541673,wind_12,7.700000000000000,315.655273104019784,-185.219999999999999,276.740000000000009,0.840000000000000,"fill:#0000ff; fill-opacity:0.2; stroke:#ff0000; stroke-opacity:1.0; stroke-width:1.0; symbol:star",-33.7940975278812
79.963339342671,11.7690933285159,wind_120,6.100000000000000,181.012312574506637,-72.159999999999997,-325.089999999999975,0.720000000000000,"fill:#0000ff; fill-opacity:0.2; stroke:#ff0000; stroke-opacity:1.0; stroke-width:1.0; symbol:star",-167.485002414856
79.8734833629285,11.75134647642,wind_121,6.700000000000000,185.432507997843970,-97.239999999999995,-318.490000000000009,0.760000000000000,"fill:#0000ff; fill-opacity:0.2; stroke:#ff0000; stroke-opacity:1.0; stroke-width:1.0; symbol:star",-163.02174630288
80.0533126354268,11.7868255771733,wind_122,10.000000000000000,194.805597699741469,-148.740000000000009,-297.930000000000007,0.840000000000000,"fill:#0000ff; fill-opacity:0.2; stroke:#ff0000; stroke-opacity:1.0; stroke-width:1.0; symbol:star",-153.469575599234
80.1432985635193,11.8045322663831,wind_123,12.900000000000000,194.109208430817716,-144.939999999999998,-299.800000000000011,0.790000000000000,"fill:#0000ff; fill-opacity:0.2; stroke:#ff0000; stroke-opacity:1.0; stroke-width:1.0; symbol:star",-154.198293309129
80.2332950971194,11.8222124598055,wind_124,7.900000000000000,204.767795736829925,-198.379999999999995,-267.459999999999980,0.750000000000000,"fill:#0000ff; fill-opacity:0.2; stroke:#ff0000; stroke-opacity:1.0; stroke-width:1.0; symbol:star",-143.434992391828
80.5033535126343,11.8750803787783,wind_125,6.600000000000000,209.668175131258209,-220.370000000000005,-249.650000000000006,0.830000000000000,"fill:#0000ff; fill-opacity:0.2; stroke:#ff0000; stroke-opacity:1.0; stroke-width:1.0; symbol:star",-138.564646934706
80.5933966805353,11.8926442300832,wind_126,9.699999999999999,231.109657789476842,-296.189999999999998,-152.180000000000007,0.830000000000000,"fill:#0000ff; fill-opacity:0.2; stroke:#ff0000; stroke-opacity:1.0; stroke-width:1.0; symbol:star",-117.193728157463
80.3233042626899,11.8398661553807,wind_127,9.300000000000001,212.889140278080930,-234.280000000000001,-236.650000000000006,0.830000000000000,"fill:#0000ff; fill-opacity:0.2; stroke:#ff0000; stroke-opacity:1.0; stroke-width:1.0; symbol:star",-135.288344023676
80.4133235533127,11.8574896333539,wind_128,8.500000000000000,217.498213103199902,-252.509999999999991,-217.090000000000003,0.840000000000000,"fill:#0000ff; fill-opacity:0.2; stroke:#ff0000; stroke-opacity:1.0; stroke-width:1.0; symbol:star",-130.686581986169
80.6834498221289,11.9101812884828,wind_129,8.300000000000002,240.448184574323193,-316.720000000000027,-102.849999999999994,0.820000000000000,"fill:#0000ff; fill-opacity:0.2; stroke:#ff0000; stroke-opacity:1.0; stroke-width:1.0; symbol:star",-107.990416362642
80.8814591011878,11.388127282045,wind_13,10.000000000000000,312.591745257138030,-199.439999999999998,266.670000000000016,0.920000000000000,"fill:#0000ff; fill-opacity:0.2; stroke:#ff0000; stroke-opacity:1.0; stroke-width:1.0; symbol:star",-36.7924709639032
80.7735107689167,11.9276915757909,wind_130,8.600000000000000,266.434806529139678,-330.139999999999986,43.539999999999999,0.820000000000000,"fill:#0000ff; fill-opacity:0.2; stroke:#ff0000; stroke-opacity:1.0; stroke-width:1.0; symbol:star",-82.4869936077645
80.8635876130765,11.945170025996,wind_131,5.500000000000000,299.464161288882735,-254.889999999999986,214.289999999999992,0.810000000000000,"fill:#0000ff; fill-opacity:0.2; stroke:#ff0000; stroke-opacity:1.0; stroke-width:1.0; symbol:star",-49.9457101386273
80.9536747201762,11.9626167108917,wind_132,5.600000000000000,336.277106327841409,-74.510000000000005,324.560000000000002,0.820000000000000,"fill:#0000ff; fill-opacity:0.2; stroke:#ff0000; stroke-opacity:1.0; stroke-width:1.0; symbol:star",-12.9294905403034
81.0437747261499,11.9800364387505,wind_133,4.200000000000000,329.068937842371611,-115.310000000000002,312.399999999999977,0.850000000000000,"fill:#0000ff; fill-opacity:0.2; stroke:#ff0000; stroke-opacity:1.0; stroke-width:1.0; symbol:star",-20.2596136507941
81.1338860780692,11.997429090164,wind_134,8.900000000000000,308.616222344884022,-217.889999999999986,251.819999999999993,0.900000000000000,"fill:#0000ff; fill-opacity:0.2; stroke:#ff0000; stroke-opacity:1.0; stroke-width:1.0; symbol:star",-40.8683550040744
81.2240065148003,12.014794576117,wind_135,12.800000000000001,341.357373780686714,-45.280000000000001,329.910000000000025,0.790000000000000,"fill:#0000ff; fill-opacity:0.2; stroke:#ff0000; stroke-opacity:1.0; stroke-width:1.0; symbol:star",-7.81499273537638
81.3141407498437,12.0321272410384,wind_136,6.900000000000000,192.628582004940995,-135.449999999999989,-304.209999999999980,0.900000000000000,"fill:#0000ff; fill-opacity:0.2; stroke:#ff0000; stroke-opacity:1.0; stroke-width:1.0; symbol:star",-155.998902604029
81.404285335333,12.0494291137499,wind_137,9.500000000000000,170.133389621842923,-6.310000000000000,-332.939999999999998,0.900000000000000,"fill:#0000ff; fill-opacity:0.2; stroke:#ff0000; stroke-opacity:1.0; stroke-width:1.0; symbol:star",-178.914239529487
81.4944001503952,12.0666958686951,wind_138,6.900000000000000,325.957412016278909,-132.800000000000011,305.379999999999995,0.880000000000000,"fill:#0000ff; fill-opacity:0.2; stroke:#ff0000; stroke-opacity:1.0; stroke-width:1.0; symbol:star",-23.502681880198
79.945092251484,11.8591023098945,wind_139,12.300000000000001,187.340533621687257,-108.280000000000001,-314.899999999999977,0.750000000000000,"fill:#0000ff; fill-opacity:0.2; stroke:#ff0000; stroke-opacity:1.0; stroke-width:1.0; symbol:star",-161.024202222317
81.2410827485076,11.4581122339121,wind_14,2.200000000000000,293.801365356873987,-274.680000000000007,188.250000000000000,0.920000000000000,"fill:#0000ff; fill-opacity:0.2; stroke:#ff0000; stroke-opacity:1.0; stroke-width:1.0; symbol:star",-55.5754848507876
79.8553158492544,11.8413849279318,wind_140,5.300000000000000,336.867630252269635,-70.859999999999999,325.370000000000005,0.900000000000000,"fill:#0000ff; fill-opacity:0.2; stroke:#ff0000; stroke-opacity:1.0; stroke-width:1.0; symbol:star",-12.2861925459236
80.035086479373,11.8768241779999,wind_141,10.100000000000000,187.810143069012270,-110.650000000000006,-314.079999999999984,0.760000000000000,"fill:#0000ff; fill-opacity:0.2; stroke:#ff0000; stroke-opacity:1.0; stroke-width:1.0; symbol:star",-160.592701468827
80.1251010160262,11.8945226600483,wind_142,7.400000000000000,192.448764429605035,-136.020000000000010,-303.949999999999989,0.810000000000000,"fill:#0000ff; fill-opacity:0.2; stroke:#ff0000; stroke-opacity:1.0; stroke-width:1.0; symbol:star",-155.891111100003
80.2151296216717,11.9121947974277,wind_143,9.199999999999999,202.015829912434072,-185.139999999999986,-276.790000000000020,0.790000000000000,"fill:#0000ff; fill-opacity:0.2; stroke:#ff0000; stroke-opacity:1.0; stroke-width:1.0; symbol:star",-146.222126575738
80.3051733561772,11.929839981013,wind_144,16.100000000000001,204.112341132101875,-195.129999999999995,-269.839999999999975,0.810000000000000,"fill:#0000ff; fill-opacity:0.2; stroke:#ff0000; stroke-opacity:1.0; stroke-width:1.0; symbol:star",-144.128095784832
80.3952224838588,11.9474549469964,wind_145,8.900000000000000,201.759894704443468,-183.699999999999989,-277.750000000000000,0.730000000000000,"fill:#0000ff; fill-opacity:0.2; stroke:#ff0000; stroke-opacity:1.0; stroke-width:1.0; symbol:star",-146.519902324769
80.5753619531832,11.9825912351706,wind_146,12.600000000000000,230.406103341096184,-294.300000000000011,-155.810000000000002,0.810000000000000,"fill:#0000ff; fill-opacity:0.2; stroke:#ff0000; stroke-opacity:1.0; stroke-width:1.0; symbol:star",-117.897897176204
80.4852872612765,11.9650368109222,wind_147,18.000000000000000,210.151005877077438,-222.439999999999998,-247.810000000000002,0.850000000000000,"fill:#0000ff; fill-opacity:0.2; stroke:#ff0000; stroke-opacity:1.0; stroke-width:1.0; symbol:star",-138.088115054907
80.6654459655193,12.0001187351013,wind_148,13.400000000000000,239.593389211481224,-315.160000000000025,-107.540000000000006,0.830000000000000,"fill:#0000ff; fill-opacity:0.2; stroke:#ff0000; stroke-opacity:1.0; stroke-width:1.0; symbol:star",-108.840847442842
80.7555398461205,12.0176196311249,wind_149,5.100000000000000,213.973799162579638,-238.229999999999990,-232.669999999999987,0.970000000000000,"fill:#0000ff; fill-opacity:0.2; stroke:#ff0000; stroke-opacity:1.0; stroke-width:1.0; symbol:star",-134.323529981534
80.7017189154302,11.3529647662191,wind_15,4.700000000000000,328.381891436620890,-118.469999999999999,311.209999999999980,0.890000000000000,"fill:#0000ff; fill-opacity:0.2; stroke:#ff0000; stroke-opacity:1.0; stroke-width:1.0; symbol:star",-20.8405995599639
80.8456491968159,12.0350883511792,wind_150,6.100000000000000,333.558790720380614,-90.189999999999998,320.550000000000011,0.800000000000000,"fill:#0000ff; fill-opacity:0.2; stroke:#ff0000; stroke-opacity:1.0; stroke-width:1.0; symbol:star",-15.7144868142393
80.9357689573109,12.0525246092124,wind_151,11.600000000000000,331.231764196621896,-103.420000000000002,316.529999999999973,0.860000000000000,"fill:#0000ff; fill-opacity:0.2; stroke:#ff0000; stroke-opacity:1.0; stroke-width:1.0; symbol:star",-18.0937931909356
81.025901393536,12.0699342816602,wind_152,2.600000000000000,175.325191311253946,-37.399999999999999,-330.889999999999986,0.800000000000000,"fill:#0000ff; fill-opacity:0.2; stroke:#ff0000; stroke-opacity:1.0; stroke-width:1.0; symbol:star",-173.551312722808
81.1160451275005,12.0873167547983,wind_153,9.300000000000001,341.351959993501737,-45.479999999999997,329.879999999999995,0.860000000000000,"fill:#0000ff; fill-opacity:0.2; stroke:#ff0000; stroke-opacity:1.0; stroke-width:1.0; symbol:star",-7.84978684362545
81.296368160273,12.121993006102,wind_154,5.800000000000000,178.417697867255100,-55.170000000000002,-328.399999999999977,0.840000000000000,"fill:#0000ff; fill-opacity:0.2; stroke:#ff0000; stroke-opacity:1.0; stroke-width:1.0; symbol:star",-170.463567858174
81.2061984163475,12.1046713046292,wind_155,7.000000000000000,343.774819496920372,-31.359999999999999,331.519999999999982,0.900000000000000,"fill:#0000ff; fill-opacity:0.2; stroke:#ff0000; stroke-opacity:1.0; stroke-width:1.0; symbol:star",-5.40379136024971
81.3865432902004,12.1392835876203,wind_156,6.100000000000000,347.883582425687848,-7.330000000000000,332.920000000000016,0.930000000000000,"fill:#0000ff; fill-opacity:0.2; stroke:#ff0000; stroke-opacity:1.0; stroke-width:1.0; symbol:star",-1.26129466685164
81.4766913346901,12.1565387529123,wind_157,4.700000000000000,291.214859989175579,-283.220000000000027,175.139999999999986,0.950000000000000,"fill:#0000ff; fill-opacity:0.2; stroke:#ff0000; stroke-opacity:1.0; stroke-width:1.0; symbol:star",-58.2678286971448
79.837242392495,11.9314408856784,wind_158,8.400000000000000,336.842653193663352,-71.010000000000005,325.339999999999975,0.850000000000000,"fill:#0000ff; fill-opacity:0.2; stroke:#ff0000; stroke-opacity:1.0; stroke-width:1.0; symbol:star",-12.3125088081699
79.9270708869831,11.9491542071047,wind_159,2.100000000000000,176.447134603573716,-44.659999999999997,-329.990000000000009,0.740000000000000,"fill:#0000ff; fill-opacity:0.2; stroke:#ff0000; stroke-opacity:1.0; stroke-width:1.0; symbol:star",-172.292565556973
81.3310137781599,11.475543053863,wind_16,1.600000000000000,288.879635974585142,-289.689999999999998,164.219999999999999,0.970000000000000,"fill:#0000ff; fill-opacity:0.2; stroke:#ff0000; stroke-opacity:1.0; stroke-width:1.0; symbol:star",-60.4518867004589
80.0169416860744,11.9668386027114,wind_160,6.500000000000000,186.889265081085171,-105.359999999999999,-315.889999999999986,0.780000000000000,"fill:#0000ff; fill-opacity:0.2; stroke:#ff0000; stroke-opacity:1.0; stroke-width:1.0; symbol:star",-161.554713201912
80.1970059824629,12.0021837002056,wind_161,7.400000000000000,204.221430115785438,-195.659999999999997,-269.459999999999980,0.860000000000000,"fill:#0000ff; fill-opacity:0.2; stroke:#ff0000; stroke-opacity:1.0; stroke-width:1.0; symbol:star",-144.015889326173
80.1069411695268,11.9845194515959,wind_162,9.400000000000000,190.393970979184473,-124.719999999999999,-308.759999999999991,0.810000000000000,"fill:#0000ff; fill-opacity:0.2; stroke:#ff0000; stroke-opacity:1.0; stroke-width:1.0; symbol:star",-158.004329285597
80.2870828024915,12.0198207627179,wind_163,11.400000000000000,195.960115953571204,-154.280000000000001,-295.110000000000014,0.820000000000000,"fill:#0000ff; fill-opacity:0.2; stroke:#ff0000; stroke-opacity:1.0; stroke-width:1.0; symbol:star",-152.399966400804
80.3771676496188,12.0374276076283,wind_164,9.000000000000000,204.434755644090700,-196.479999999999990,-268.860000000000014,0.740000000000000,"fill:#0000ff; fill-opacity:0.2; stroke:#ff0000; stroke-opacity:1.0; stroke-width:1.0; symbol:star",-143.841066537243
80.5573787184849,12.0725468780941,wind_165,6.200000000000000,250.192106754819662,-329.430000000000007,-48.619999999999997,0.910000000000000,"fill:#0000ff; fill-opacity:0.2; stroke:#ff0000; stroke-opacity:1.0; stroke-width:1.0; symbol:star",-98.3955761148836
80.4672683159199,12.0550009809723,wind_166,12.400000000000000,218.081759971376101,-254.509999999999991,-214.740000000000009,0.850000000000000,"fill:#0000ff; fill-opacity:0.2; stroke:#ff0000; stroke-opacity:1.0; stroke-width:1.0; symbol:star",-130.15562977058
80.6474983172825,12.0900655324709,wind_167,2.500000000000000,270.831632694453731,-325.939999999999998,68.209999999999994,0.920000000000000,"fill:#0000ff; fill-opacity:0.2; stroke:#ff0000; stroke-opacity:1.0; stroke-width:1.0; symbol:star",-78.1801957569465
80.7376277917386,12.1075570892605,wind_168,3.100000000000000,341.520973781636030,-44.060000000000002,330.069999999999993,0.750000000000000,"fill:#0000ff; fill-opacity:0.2; stroke:#ff0000; stroke-opacity:1.0; stroke-width:1.0; symbol:star",-7.60328463135888
80.9179285665173,12.1424430339081,wind_169,11.000000000000000,178.022905251223619,-53.119999999999997,-328.740000000000009,0.810000000000000,"fill:#0000ff; fill-opacity:0.2; stroke:#ff0000; stroke-opacity:1.0; stroke-width:1.0; symbol:star",-170.821105104864
81.6008364227558,11.5276477845631,wind_17,6.400000000000000,299.743497070159947,-254.150000000000006,215.159999999999997,0.950000000000000,"fill:#0000ff; fill-opacity:0.2; stroke:#ff0000; stroke-opacity:1.0; stroke-width:1.0; symbol:star",-49.7491932419487
80.8277729984269,12.1250164700809,wind_170,5.700000000000000,347.087076471574619,-11.350000000000000,332.810000000000002,0.790000000000000,"fill:#0000ff; fill-opacity:0.2; stroke:#ff0000; stroke-opacity:1.0; stroke-width:1.0; symbol:star",-1.95323205338404
81.0080947807362,12.1598427112438,wind_171,11.600000000000000,170.300646788887491,-7.460000000000000,-332.920000000000016,0.760000000000000,"fill:#0000ff; fill-opacity:0.2; stroke:#ff0000; stroke-opacity:1.0; stroke-width:1.0; symbol:star",-178.716343270159
81.0982722059017,12.1772150330406,wind_172,10.400000000000000,174.566147076741714,-32.560000000000002,-331.399999999999977,0.740000000000000,"fill:#0000ff; fill-opacity:0.2; stroke:#ff0000; stroke-opacity:1.0; stroke-width:1.0; symbol:star",-174.388707394524
81.188461020705,12.1945593524717,wind_173,10.800000000000001,182.947144394160205,-81.280000000000001,-322.930000000000007,0.910000000000000,"fill:#0000ff; fill-opacity:0.2; stroke:#ff0000; stroke-opacity:1.0; stroke-width:1.0; symbol:star",-165.872367128781
81.2786635235442,12.211870090496,wind_174,11.000000000000000,171.873203381036774,-16.410000000000000,-332.600000000000023,0.850000000000000,"fill:#0000ff; fill-opacity:0.2; stroke:#ff0000; stroke-opacity:1.0; stroke-width:1.0; symbol:star",-177.175400096787
81.3688764854175,12.2291497085657,wind_175,11.000000000000000,171.246731131239585,-12.570000000000000,-332.759999999999991,0.930000000000000,"fill:#0000ff; fill-opacity:0.2; stroke:#ff0000; stroke-opacity:1.0; stroke-width:1.0; symbol:star",-177.836682068441
81.4590596412695,12.2463936751214,wind_176,13.600000000000000,184.045497191648877,-87.239999999999995,-321.370000000000005,0.950000000000000,"fill:#0000ff; fill-opacity:0.2; stroke:#ff0000; stroke-opacity:1.0; stroke-width:1.0; symbol:star",-164.812336177537
79.998820410708,12.0568571608269,wind_177,10.000000000000000,182.904978039960668,-82.560000000000002,-322.600000000000023,0.820000000000000,"fill:#0000ff; fill-opacity:0.2; stroke:#ff0000; stroke-opacity:1.0; stroke-width:1.0; symbol:star",-165.644930610443
79.9090489045608,12.039205775852,wind_178,2.100000000000000,315.541552289166532,-185.719999999999999,276.399999999999977,0.910000000000000,"fill:#0000ff; fill-opacity:0.2; stroke:#ff0000; stroke-opacity:1.0; stroke-width:1.0; symbol:star",-33.898130309664
80.0887976174901,12.0745189877802,wind_179,8.000000000000000,187.654656134781021,-109.359999999999999,-314.529999999999973,0.800000000000000,"fill:#0000ff; fill-opacity:0.2; stroke:#ff0000; stroke-opacity:1.0; stroke-width:1.0; symbol:star",-160.82777498976
81.1511610751148,11.4406560396638,wind_18,2.000000000000000,227.739530703744236,-286.610000000000014,-169.539999999999992,0.960000000000000,"fill:#0000ff; fill-opacity:0.2; stroke:#ff0000; stroke-opacity:1.0; stroke-width:1.0; symbol:star",-120.605823018983
80.1788861342955,12.0921730137955,wind_180,10.600000000000000,189.100753500287965,-117.390000000000001,-311.620000000000005,0.850000000000000,"fill:#0000ff; fill-opacity:0.2; stroke:#ff0000; stroke-opacity:1.0; stroke-width:1.0; symbol:star",-159.358166138658
80.2689964485249,12.1098020711305,wind_181,12.900000000000000,185.423955711279859,-96.659999999999997,-318.660000000000025,0.770000000000000,"fill:#0000ff; fill-opacity:0.2; stroke:#ff0000; stroke-opacity:1.0; stroke-width:1.0; symbol:star",-163.12573339178
80.3591169980763,12.1274007949679,wind_182,12.800000000000001,193.887148505478706,-143.169999999999987,-300.649999999999977,0.870000000000000,"fill:#0000ff; fill-opacity:0.2; stroke:#ff0000; stroke-opacity:1.0; stroke-width:1.0; symbol:star",-154.536137117169
80.5394000839159,12.1625030901132,wind_183,2.000000000000000,298.802778108214227,-257.310000000000002,211.379999999999995,0.780000000000000,"fill:#0000ff; fill-opacity:0.2; stroke:#ff0000; stroke-opacity:1.0; stroke-width:1.0; symbol:star",-50.5969176698179
80.4492535729476,12.1449657411829,wind_184,8.699999999999999,173.605327499076594,-27.710000000000001,-331.850000000000023,0.920000000000000,"fill:#0000ff; fill-opacity:0.2; stroke:#ff0000; stroke-opacity:1.0; stroke-width:1.0; symbol:star",-175.226784984208
80.6295556177095,12.1800128838886,wind_185,3.200000000000000,347.726890517216020,-7.440000000000000,332.920000000000016,0.830000000000000,"fill:#0000ff; fill-opacity:0.2; stroke:#ff0000; stroke-opacity:1.0; stroke-width:1.0; symbol:star",-1.28021643774612
80.719720651118,12.1974951711728,wind_186,6.600000000000000,208.485804731180735,-214.599999999999994,-254.629999999999995,0.950000000000000,"fill:#0000ff; fill-opacity:0.2; stroke:#ff0000; stroke-opacity:1.0; stroke-width:1.0; symbol:star",-139.876095371279
80.809901695208,12.2149452824876,wind_187,8.900000000000000,189.247750446389176,-117.290000000000006,-311.660000000000025,0.800000000000000,"fill:#0000ff; fill-opacity:0.2; stroke:#ff0000; stroke-opacity:1.0; stroke-width:1.0; symbol:star",-159.376693716618
80.9000930709142,12.2323622218373,wind_188,9.800000000000001,182.896638815078461,-81.310000000000002,-322.920000000000016,0.730000000000000,"fill:#0000ff; fill-opacity:0.2; stroke:#ff0000; stroke-opacity:1.0; stroke-width:1.0; symbol:star",-165.866941491936
80.9902937489204,12.2497519308889,wind_189,8.900000000000000,178.351194974416387,-54.829999999999998,-328.459999999999980,0.800000000000000,"fill:#0000ff; fill-opacity:0.2; stroke:#ff0000; stroke-opacity:1.0; stroke-width:1.0; symbol:star",-170.522969087502
81.5109118053618,11.5103118398205,wind_19,6.100000000000000,310.781203004475117,-208.189999999999998,259.899999999999977,0.910000000000000,"fill:#0000ff; fill-opacity:0.2; stroke:#ff0000; stroke-opacity:1.0; stroke-width:1.0; symbol:star",-38.6960839859461
81.0805055745505,12.2671141013445,wind_190,15.400000000000000,187.041880483429793,-104.579999999999998,-316.149999999999977,0.800000000000000,"fill:#0000ff; fill-opacity:0.2; stroke:#ff0000; stroke-opacity:1.0; stroke-width:1.0; symbol:star",-161.696180002982
81.1707299408428,12.2844481971637,wind_191,4.600000000000000,212.533234411352083,-231.610000000000014,-239.259999999999991,0.940000000000000,"fill:#0000ff; fill-opacity:0.2; stroke:#ff0000; stroke-opacity:1.0; stroke-width:1.0; symbol:star",-135.930775278192
81.2609656613807,12.301748041468,wind_192,7.500000000000000,176.467898408102855,-43.409999999999997,-330.160000000000025,0.870000000000000,"fill:#0000ff; fill-opacity:0.2; stroke:#ff0000; stroke-opacity:1.0; stroke-width:1.0; symbol:star",-172.509619139931
81.3512161181865,12.3190167658176,wind_193,12.500000000000000,347.489475873244885,-9.840000000000000,332.850000000000023,0.920000000000000,"fill:#0000ff; fill-opacity:0.2; stroke:#ff0000; stroke-opacity:1.0; stroke-width:1.0; symbol:star",-1.69333427209521
81.4414345241383,12.3362496033654,wind_194,8.900000000000000,170.190991221031766,-6.110000000000000,-332.939999999999998,0.790000000000000,"fill:#0000ff; fill-opacity:0.2; stroke:#ff0000; stroke-opacity:1.0; stroke-width:1.0; symbol:star",-178.9486456397
80.0707326568032,12.1645317623302,wind_195,6.600000000000000,184.756116909349970,-92.939999999999998,-319.769999999999982,0.800000000000000,"fill:#0000ff; fill-opacity:0.2; stroke:#ff0000; stroke-opacity:1.0; stroke-width:1.0; symbol:star",-163.793683890846
79.9808125674409,12.1468956558303,wind_196,5.100000000000000,304.911542519940610,-233.759999999999991,237.159999999999997,0.890000000000000,"fill:#0000ff; fill-opacity:0.2; stroke:#ff0000; stroke-opacity:1.0; stroke-width:1.0; symbol:star",-44.5863368182158
80.2509303491727,12.1997859200429,wind_197,13.699999999999999,179.591730407945363,-63.060000000000002,-326.970000000000027,0.770000000000000,"fill:#0000ff; fill-opacity:0.2; stroke:#ff0000; stroke-opacity:1.0; stroke-width:1.0; symbol:star",-169.083864145516
80.1607845690622,12.1821643088791,wind_198,13.699999999999999,181.184442024560695,-72.439999999999998,-325.029999999999973,0.800000000000000,"fill:#0000ff; fill-opacity:0.2; stroke:#ff0000; stroke-opacity:1.0; stroke-width:1.0; symbol:star",-167.435734099171
80.3410865209867,12.2173765228073,wind_199,8.900000000000000,346.436486082897602,-14.720000000000001,332.670000000000016,0.690000000000000,"fill:#0000ff; fill-opacity:0.2; stroke:#ff0000; stroke-opacity:1.0; stroke-width:1.0; symbol:star",-2.53357410021137
80.4321839991382,11.3000235153483,wind_2,3.300000000000000,293.433881975648490,-275.480000000000018,187.090000000000003,0.960000000000000,"fill:#0000ff; fill-opacity:0.2; stroke:#ff0000; stroke-opacity:1.0; stroke-width:1.0; symbol:star",-55.8179325344596
80.0546793843779,11.3190585776807,wind_20,4.700000000000000,233.705678312228230,-303.180000000000007,-137.740000000000009,0.940000000000000,"fill:#0000ff; fill-opacity:0.2; stroke:#ff0000; stroke-opacity:1.0; stroke-width:1.0; symbol:star",-114.433132649454
80.5214436344444,12.2524620470841,wind_200,1.000000000000000,270.439763382019123,-326.379999999999995,66.079999999999998,0.930000000000000,"fill:#0000ff; fill-opacity:0.2; stroke:#ff0000; stroke-opacity:1.0; stroke-width:1.0; symbol:star",-78.5544189298235
80.4312590969198,12.2349333479493,wind_201,1.800000000000000,331.927356539474772,-99.129999999999995,317.899999999999977,0.930000000000000,"fill:#0000ff; fill-opacity:0.2; stroke:#ff0000; stroke-opacity:1.0; stroke-width:1.0; symbol:star",-17.3189207691486
80.6116367849378,12.2699629076793,wind_202,6.700000000000000,223.369331366889412,-272.939999999999998,-190.770000000000010,0.980000000000000,"fill:#0000ff; fill-opacity:0.2; stroke:#ff0000; stroke-opacity:1.0; stroke-width:1.0; symbol:star",-124.951424788369
80.7018372089302,12.2874362617831,wind_203,5.600000000000000,216.573416679694134,-248.389999999999986,-221.789999999999992,0.910000000000000,"fill:#0000ff; fill-opacity:0.2; stroke:#ff0000; stroke-opacity:1.0; stroke-width:1.0; symbol:star",-131.761995703745
80.7920540015191,12.3048774399177,wind_204,12.100000000000000,196.877243667518059,-158.180000000000007,-293.029999999999973,0.810000000000000,"fill:#0000ff; fill-opacity:0.2; stroke:#ff0000; stroke-opacity:1.0; stroke-width:1.0; symbol:star",-151.639462219362
80.8822811849693,12.322285091115,wind_205,16.300000000000001,187.339577918023195,-106.459999999999994,-315.519999999999982,0.800000000000000,"fill:#0000ff; fill-opacity:0.2; stroke:#ff0000; stroke-opacity:1.0; stroke-width:1.0; symbol:star",-161.355025993941
80.972519633315,12.3396649612837,wind_206,10.900000000000000,189.977089609188198,-120.969999999999999,-310.250000000000000,0.790000000000000,"fill:#0000ff; fill-opacity:0.2; stroke:#ff0000; stroke-opacity:1.0; stroke-width:1.0; symbol:star",-158.698624633934
81.0627692803436,12.357016980398,wind_207,10.900000000000000,190.207244120419091,-122.090000000000003,-309.810000000000002,0.780000000000000,"fill:#0000ff; fill-opacity:0.2; stroke:#ff0000; stroke-opacity:1.0; stroke-width:1.0; symbol:star",-158.491580101433
81.1530293239959,12.3743408853467,wind_208,6.000000000000000,181.994794645738807,-75.629999999999995,-324.300000000000011,0.830000000000000,"fill:#0000ff; fill-opacity:0.2; stroke:#ff0000; stroke-opacity:1.0; stroke-width:1.0; symbol:star",-166.872679992995
81.3335867980907,12.4088883392108,wind_209,6.500000000000000,173.363236866942685,-24.899999999999999,-332.069999999999993,0.860000000000000,"fill:#0000ff; fill-opacity:0.2; stroke:#ff0000; stroke-opacity:1.0; stroke-width:1.0; symbol:star",-175.711747447052
79.875260472521,11.2834570890784,wind_21,3.000000000000000,347.194962931984435,-9.470000000000001,332.870000000000005,0.910000000000000,"fill:#0000ff; fill-opacity:0.2; stroke:#ff0000; stroke-opacity:1.0; stroke-width:1.0; symbol:star",-1.62959929164019
81.2433004723482,12.391630172256,wind_210,6.700000000000000,172.373297304248837,-19.180000000000000,-332.449999999999989,0.710000000000000,"fill:#0000ff; fill-opacity:0.2; stroke:#ff0000; stroke-opacity:1.0; stroke-width:1.0; symbol:star",-176.698101292427
81.4238411238632,12.426110384076,wind_211,7.400000000000000,183.815508718433165,-85.750000000000000,-321.769999999999982,0.840000000000000,"fill:#0000ff; fill-opacity:0.2; stroke:#ff0000; stroke-opacity:1.0; stroke-width:1.0; symbol:star",-165.077781977802
80.2328594707732,12.2897682038274,wind_212,14.100000000000000,344.385772645891961,-26.690000000000001,331.930000000000007,0.820000000000000,"fill:#0000ff; fill-opacity:0.2; stroke:#ff0000; stroke-opacity:1.0; stroke-width:1.0; symbol:star",-4.59717811896693
80.4132608288475,12.3248992764566,wind_213,7.900000000000000,296.922322548856641,-264.000000000000000,202.960000000000008,0.910000000000000,"fill:#0000ff; fill-opacity:0.2; stroke:#ff0000; stroke-opacity:1.0; stroke-width:1.0; symbol:star",-52.4473537714163
80.3230522578237,12.3073506855188,wind_214,9.300000000000001,324.058459982161992,-142.120000000000005,301.149999999999977,0.840000000000000,"fill:#0000ff; fill-opacity:0.2; stroke:#ff0000; stroke-opacity:1.0; stroke-width:1.0; symbol:star",-25.2637628765692
80.142719261961,12.2721623041319,wind_215,8.800000000000002,182.603340434839708,-80.219999999999999,-323.189999999999998,0.810000000000000,"fill:#0000ff; fill-opacity:0.2; stroke:#ff0000; stroke-opacity:1.0; stroke-width:1.0; symbol:star",-166.060154968898
80.0527122092376,12.2545530034516,wind_216,4.500000000000000,315.767886574253339,-185.000000000000000,276.879999999999995,0.840000000000000,"fill:#0000ff; fill-opacity:0.2; stroke:#ff0000; stroke-opacity:1.0; stroke-width:1.0; symbol:star",-33.7492415842619
80.50348202578,12.3424194442916,wind_217,4.800000000000000,276.883049949704400,-317.120000000000005,101.599999999999994,0.940000000000000,"fill:#0000ff; fill-opacity:0.2; stroke:#ff0000; stroke-opacity:1.0; stroke-width:1.0; symbol:star",-72.2354012329541
80.5937120400737,12.359911474109,wind_218,3.900000000000000,237.632691647309571,-311.279999999999973,-118.290000000000006,0.870000000000000,"fill:#0000ff; fill-opacity:0.2; stroke:#ff0000; stroke-opacity:1.0; stroke-width:1.0; symbol:star",-110.807370033822
80.6839489263727,12.3773757541592,wind_219,14.199999999999999,225.020172180217514,-278.230000000000018,-182.969999999999999,0.810000000000000,"fill:#0000ff; fill-opacity:0.2; stroke:#ff0000; stroke-opacity:1.0; stroke-width:1.0; symbol:star",-123.329775484715
80.3241757941344,11.3723014079539,wind_22,4.700000000000000,330.055910629529421,-108.890000000000001,314.689999999999998,0.970000000000000,"fill:#0000ff; fill-opacity:0.2; stroke:#ff0000; stroke-opacity:1.0; stroke-width:1.0; symbol:star",-19.0868005773933
80.7742014011774,12.3948077504734,wind_220,5.300000000000000,215.803434287733012,-245.289999999999992,-225.210000000000008,0.870000000000000,"fill:#0000ff; fill-opacity:0.2; stroke:#ff0000; stroke-opacity:1.0; stroke-width:1.0; symbol:star",-132.556213594049
80.8644643885281,12.4122059735587,wind_221,13.699999999999999,207.237849523946210,-208.699999999999989,-259.490000000000009,0.810000000000000,"fill:#0000ff; fill-opacity:0.2; stroke:#ff0000; stroke-opacity:1.0; stroke-width:1.0; symbol:star",-141.191326507665
80.9547400035005,12.4295760335002,wind_222,10.100000000000000,201.939807923274145,-183.469999999999999,-277.899999999999977,0.810000000000000,"fill:#0000ff; fill-opacity:0.2; stroke:#ff0000; stroke-opacity:1.0; stroke-width:1.0; symbol:star",-146.567147107019
81.1353225657217,12.4642315509661,wind_223,13.000000000000000,182.674413226868865,-79.579999999999998,-323.350000000000023,0.780000000000000,"fill:#0000ff; fill-opacity:0.2; stroke:#ff0000; stroke-opacity:1.0; stroke-width:1.0; symbol:star",-166.173662343952
81.2256291460411,12.4815104048006,wind_224,5.600000000000000,185.527099582629091,-95.739999999999995,-318.939999999999998,0.810000000000000,"fill:#0000ff; fill-opacity:0.2; stroke:#ff0000; stroke-opacity:1.0; stroke-width:1.0; symbol:star",-163.291197185601
81.0450268398375,12.4469179370029,wind_225,8.400000000000000,182.126193204291269,-76.560000000000002,-324.079999999999984,0.820000000000000,"fill:#0000ff; fill-opacity:0.2; stroke:#ff0000; stroke-opacity:1.0; stroke-width:1.0; symbol:star",-166.708249261842
81.3159513456697,12.4987578259907,wind_226,5.700000000000000,182.699028723349358,-79.459999999999994,-323.379999999999995,0.820000000000000,"fill:#0000ff; fill-opacity:0.2; stroke:#ff0000; stroke-opacity:1.0; stroke-width:1.0; symbol:star",-166.194944820212
81.4062414941246,12.5159689015703,wind_227,8.600000000000000,185.710131750990797,-96.569999999999993,-318.689999999999998,0.900000000000000,"fill:#0000ff; fill-opacity:0.2; stroke:#ff0000; stroke-opacity:1.0; stroke-width:1.0; symbol:star",-163.142050318578
80.124736121375,12.3621754832738,wind_228,8.600000000000000,294.561606549946191,-272.279999999999973,191.710000000000008,0.930000000000000,"fill:#0000ff; fill-opacity:0.2; stroke:#ff0000; stroke-opacity:1.0; stroke-width:1.0; symbol:star",-54.8509540937746
80.305009412515,12.3973213013458,wind_229,9.300000000000001,306.677424739769947,-225.939999999999998,244.629999999999995,0.880000000000000,"fill:#0000ff; fill-opacity:0.2; stroke:#ff0000; stroke-opacity:1.0; stroke-width:1.0; symbol:star",-42.7255338045634
80.144501392271,11.3368315443217,wind_23,2.200000000000000,261.575178473915912,-332.569999999999993,16.949999999999999,0.910000000000000,"fill:#0000ff; fill-opacity:0.2; stroke:#ff0000; stroke-opacity:1.0; stroke-width:1.0; symbol:star",-87.0823469617477
80.214777760932,12.3797469407273,wind_230,12.800000000000001,174.470021990209005,-33.020000000000003,-331.360000000000014,0.910000000000000,"fill:#0000ff; fill-opacity:0.2; stroke:#ff0000; stroke-opacity:1.0; stroke-width:1.0; symbol:star",-174.309266631931
80.485508723251,12.4323733067714,wind_231,14.900000000000000,254.697778082924231,-332.189999999999998,-23.219999999999999,0.800000000000000,"fill:#0000ff; fill-opacity:0.2; stroke:#ff0000; stroke-opacity:1.0; stroke-width:1.0; symbol:star",-93.9984573582304
80.3952539653963,12.4148614017017,wind_232,19.500000000000000,287.956106467997188,-292.149999999999977,159.810000000000002,0.880000000000000,"fill:#0000ff; fill-opacity:0.2; stroke:#ff0000; stroke-opacity:1.0; stroke-width:1.0; symbol:star",-61.3207444012722
80.5757738955921,12.4498567378748,wind_233,6.200000000000000,259.526370817921702,-332.970000000000027,4.140000000000000,0.910000000000000,"fill:#0000ff; fill-opacity:0.2; stroke:#ff0000; stroke-opacity:1.0; stroke-width:1.0; symbol:star",-89.2876466200763
80.6660496745776,12.4673116246251,wind_234,16.899999999999999,206.837017744620397,-207.050000000000011,-260.800000000000011,0.900000000000000,"fill:#0000ff; fill-opacity:0.2; stroke:#ff0000; stroke-opacity:1.0; stroke-width:1.0; symbol:star",-141.553820550125
80.8466364619576,12.5021223534494,wind_235,6.400000000000000,208.565391800478267,-214.669999999999987,-254.569999999999993,0.820000000000000,"fill:#0000ff; fill-opacity:0.2; stroke:#ff0000; stroke-opacity:1.0; stroke-width:1.0; symbol:star",-139.860232835725
80.7563376796734,12.4847338756517,wind_236,10.199999999999999,226.989078635324660,-284.240000000000009,-173.479999999999990,0.870000000000000,"fill:#0000ff; fill-opacity:0.2; stroke:#ff0000; stroke-opacity:1.0; stroke-width:1.0; symbol:star",-121.396939829273
80.9369478756812,12.5194826681033,wind_237,6.400000000000000,195.559184157110451,-151.009999999999991,-296.790000000000020,0.800000000000000,"fill:#0000ff; fill-opacity:0.2; stroke:#ff0000; stroke-opacity:1.0; stroke-width:1.0; symbol:star",-153.032509898166
81.0272704690655,12.5368145369647,wind_238,13.500000000000000,194.000409424300841,-142.629999999999995,-300.910000000000025,0.740000000000000,"fill:#0000ff; fill-opacity:0.2; stroke:#ff0000; stroke-opacity:1.0; stroke-width:1.0; symbol:star",-154.639256557977
81.1176018880325,12.5541176330623,wind_239,7.800000000000000,194.737634182704426,-146.419999999999987,-299.079999999999984,0.840000000000000,"fill:#0000ff; fill-opacity:0.2; stroke:#ff0000; stroke-opacity:1.0; stroke-width:1.0; symbol:star",-153.915108502715
80.4140267922516,11.3899975142316,wind_24,12.400000000000000,325.932222282284044,-131.620000000000005,305.879999999999995,0.900000000000000,"fill:#0000ff; fill-opacity:0.2; stroke:#ff0000; stroke-opacity:1.0; stroke-width:1.0; symbol:star",-23.2821837951602
81.2079439104675,12.5713863355556,wind_240,5.800000000000000,198.989721776190038,-168.370000000000005,-287.300000000000011,0.870000000000000,"fill:#0000ff; fill-opacity:0.2; stroke:#ff0000; stroke-opacity:1.0; stroke-width:1.0; symbol:star",-149.627886253029
81.2983019949478,12.5886225840983,wind_241,5.300000000000000,186.521542807132391,-101.189999999999998,-317.250000000000000,0.850000000000000,"fill:#0000ff; fill-opacity:0.2; stroke:#ff0000; stroke-opacity:1.0; stroke-width:1.0; symbol:star",-162.309407139241
81.3886277451103,12.6058222901757,wind_242,8.300000000000002,194.190782082764514,-143.219999999999999,-300.629999999999995,0.870000000000000,"fill:#0000ff; fill-opacity:0.2; stroke:#ff0000; stroke-opacity:1.0; stroke-width:1.0; symbol:star",-154.526890415277
80.5578244184846,12.5397986931778,wind_243,10.400000000000000,252.770027580370567,-331.220000000000027,-34.359999999999999,0.920000000000000,"fill:#0000ff; fill-opacity:0.2; stroke:#ff0000; stroke-opacity:1.0; stroke-width:1.0; symbol:star",-95.9225476563831
80.377234548496,12.5048208864867,wind_244,9.300000000000001,274.318184757075926,-321.259999999999991,87.640000000000001,0.880000000000000,"fill:#0000ff; fill-opacity:0.2; stroke:#ff0000; stroke-opacity:1.0; stroke-width:1.0; symbol:star",-74.7409577347
80.1967442474658,12.4697343157638,wind_245,6.600000000000000,332.288484023831700,-97.329999999999998,318.459999999999980,0.940000000000000,"fill:#0000ff; fill-opacity:0.2; stroke:#ff0000; stroke-opacity:1.0; stroke-width:1.0; symbol:star",-16.994571343602
80.467523813704,12.5223241169183,wind_246,9.199999999999999,284.788140660549175,-300.470000000000027,143.539999999999992,0.910000000000000,"fill:#0000ff; fill-opacity:0.2; stroke:#ff0000; stroke-opacity:1.0; stroke-width:1.0; symbol:star",-64.4653428948685
80.7384596291569,12.5746568474567,wind_247,11.600000000000000,228.661582466434282,-289.149999999999977,-165.169999999999987,0.810000000000000,"fill:#0000ff; fill-opacity:0.2; stroke:#ff0000; stroke-opacity:1.0; stroke-width:1.0; symbol:star",-119.736131340925
80.2869591560601,12.4872903573396,wind_248,14.199999999999999,269.220427432590725,-327.660000000000025,59.390000000000001,0.890000000000000,"fill:#0000ff; fill-opacity:0.2; stroke:#ff0000; stroke-opacity:1.0; stroke-width:1.0; symbol:star",-79.7263942433631
80.6481374545111,12.5572443417177,wind_249,6.500000000000000,253.697538742765005,-331.720000000000027,-29.149999999999999,0.880000000000000,"fill:#0000ff; fill-opacity:0.2; stroke:#ff0000; stroke-opacity:1.0; stroke-width:1.0; symbol:star",-95.0219845648964
80.5038878991494,11.4076652915074,wind_25,8.800000000000002,312.296076291689360,-200.580000000000013,265.819999999999993,0.880000000000000,"fill:#0000ff; fill-opacity:0.2; stroke:#ff0000; stroke-opacity:1.0; stroke-width:1.0; symbol:star",-37.0371368968015
80.9191420448462,12.6093859291823,wind_250,9.800000000000001,213.892347511773636,-237.379999999999995,-233.539999999999992,0.760000000000000,"fill:#0000ff; fill-opacity:0.2; stroke:#ff0000; stroke-opacity:1.0; stroke-width:1.0; symbol:star",-134.532806172793
80.8287952372772,12.5920355799668,wind_251,12.100000000000000,230.096684424490206,-293.089999999999975,-158.080000000000013,0.810000000000000,"fill:#0000ff; fill-opacity:0.2; stroke:#ff0000; stroke-opacity:1.0; stroke-width:1.0; symbol:star",-118.340493269756
81.0094994219166,12.6267075968175,wind_252,11.500000000000000,204.011605748033332,-193.379999999999995,-271.100000000000023,0.780000000000000,"fill:#0000ff; fill-opacity:0.2; stroke:#ff0000; stroke-opacity:1.0; stroke-width:1.0; symbol:star",-144.499124630635
81.1902444029206,12.6612584950387,wind_253,9.300000000000001,203.380128565677239,-190.139999999999986,-273.379999999999995,0.890000000000000,"fill:#0000ff; fill-opacity:0.2; stroke:#ff0000; stroke-opacity:1.0; stroke-width:1.0; symbol:star",-145.180792137348
81.0998665767029,12.6440003017101,wind_254,14.100000000000000,201.086627575503400,-179.039999999999992,-280.769999999999982,0.820000000000000,"fill:#0000ff; fill-opacity:0.2; stroke:#ff0000; stroke-opacity:1.0; stroke-width:1.0; symbol:star",-147.475362015658
81.2806382210644,12.6784836631093,wind_255,10.900000000000000,190.843581757193988,-125.260000000000005,-308.540000000000020,0.790000000000000,"fill:#0000ff; fill-opacity:0.2; stroke:#ff0000; stroke-opacity:1.0; stroke-width:1.0; symbol:star",-157.904001767088
81.370999619616,12.6956720749259,wind_256,12.500000000000000,192.532144274490861,-134.389999999999986,-304.680000000000007,0.810000000000000,"fill:#0000ff; fill-opacity:0.2; stroke:#ff0000; stroke-opacity:1.0; stroke-width:1.0; symbol:star",-156.198408656347
80.1787719218288,12.5597326575633,wind_257,20.000000000000000,328.165572136341552,-120.450000000000003,310.449999999999989,0.910000000000000,"fill:#0000ff; fill-opacity:0.2; stroke:#ff0000; stroke-opacity:1.0; stroke-width:1.0; symbol:star",-21.2055152444203
80.2688994893001,12.5772574330081,wind_258,11.199999999999999,300.795429061245557,-249.990000000000009,219.990000000000009,0.880000000000000,"fill:#0000ff; fill-opacity:0.2; stroke:#ff0000; stroke-opacity:1.0; stroke-width:1.0; symbol:star",-48.6523777799669
80.4495241671811,12.6122710518994,wind_259,7.900000000000000,274.472919331217099,-321.069999999999993,88.340000000000003,0.900000000000000,"fill:#0000ff; fill-opacity:0.2; stroke:#ff0000; stroke-opacity:1.0; stroke-width:1.0; symbol:star",-74.6161588295481
79.9648715634308,11.3012532298345,wind_26,5.600000000000000,170.554906623548135,-10.880000000000001,-332.819999999999993,0.710000000000000,"fill:#0000ff; fill-opacity:0.2; stroke:#ff0000; stroke-opacity:1.0; stroke-width:1.0; symbol:star",-178.127648086227
80.3591991928006,12.5947770190094,wind_260,6.000000000000000,257.013904781659903,-332.850000000000023,-9.960000000000001,0.890000000000000,"fill:#0000ff; fill-opacity:0.2; stroke:#ff0000; stroke-opacity:1.0; stroke-width:1.0; symbol:star",-91.713972446688
80.6302087687611,12.6471730553662,wind_261,7.800000000000000,234.797254758456234,-305.050000000000011,-133.550000000000011,0.830000000000000,"fill:#0000ff; fill-opacity:0.2; stroke:#ff0000; stroke-opacity:1.0; stroke-width:1.0; symbol:star",-113.643663129292
80.5398605527741,12.6297364481386,wind_262,9.800000000000001,234.611661915522404,-304.649999999999977,-134.449999999999989,0.800000000000000,"fill:#0000ff; fill-opacity:0.2; stroke:#ff0000; stroke-opacity:1.0; stroke-width:1.0; symbol:star",-113.813120046479
80.7205633849447,12.6645758158176,wind_263,12.000000000000000,236.525711031958707,-308.860000000000014,-124.480000000000004,0.850000000000000,"fill:#0000ff; fill-opacity:0.2; stroke:#ff0000; stroke-opacity:1.0; stroke-width:1.0; symbol:star",-111.950938076381
80.81093712801,12.6819448030401,wind_264,4.500000000000000,229.981959315372308,-292.750000000000000,-158.699999999999989,0.770000000000000,"fill:#0000ff; fill-opacity:0.2; stroke:#ff0000; stroke-opacity:1.0; stroke-width:1.0; symbol:star",-118.462155183754
80.9013188152395,12.699284907319,wind_265,4.800000000000000,233.138866789717440,-300.910000000000025,-142.620000000000005,0.870000000000000,"fill:#0000ff; fill-opacity:0.2; stroke:#ff0000; stroke-opacity:1.0; stroke-width:1.0; symbol:star",-115.35918865149
80.9917097399147,12.7165961622362,wind_266,10.199999999999999,221.785951565309148,-267.089999999999975,-198.879999999999995,0.850000000000000,"fill:#0000ff; fill-opacity:0.2; stroke:#ff0000; stroke-opacity:1.0; stroke-width:1.0; symbol:star",-126.672030124826
81.0821126848445,12.733878636729,wind_267,13.100000000000000,200.424514473213833,-175.719999999999999,-282.860000000000014,0.860000000000000,"fill:#0000ff; fill-opacity:0.2; stroke:#ff0000; stroke-opacity:1.0; stroke-width:1.0; symbol:star",-148.150372916965
81.1725267754048,12.751125866609,wind_268,8.800000000000002,196.700176104768531,-156.629999999999995,-293.860000000000014,0.820000000000000,"fill:#0000ff; fill-opacity:0.2; stroke:#ff0000; stroke-opacity:1.0; stroke-width:1.0; symbol:star",-151.941986448949
81.262956134884,12.7683400712312,wind_269,11.600000000000000,197.327500709870009,-159.740000000000009,-292.189999999999998,0.840000000000000,"fill:#0000ff; fill-opacity:0.2; stroke:#ff0000; stroke-opacity:1.0; stroke-width:1.0; symbol:star",-151.334613695318
80.2343338066625,11.3545793439351,wind_27,3.100000000000000,174.014375228602290,-31.059999999999999,-331.550000000000011,0.920000000000000,"fill:#0000ff; fill-opacity:0.2; stroke:#ff0000; stroke-opacity:1.0; stroke-width:1.0; symbol:star",-174.648082906199
81.3533532411933,12.7855172843114,wind_270,12.400000000000000,191.673191738488754,-129.710000000000008,-306.699999999999989,0.890000000000000,"fill:#0000ff; fill-opacity:0.2; stroke:#ff0000; stroke-opacity:1.0; stroke-width:1.0; symbol:star",-157.075456917012
80.2510210404319,12.6672294841555,wind_271,6.700000000000000,324.428339190193242,-141.229999999999990,301.569999999999993,0.960000000000000,"fill:#0000ff; fill-opacity:0.2; stroke:#ff0000; stroke-opacity:1.0; stroke-width:1.0; symbol:star",-25.0944359032487
80.3412210425758,12.6847140387995,wind_272,16.399999999999999,324.221525990370367,-141.800000000000011,301.300000000000011,0.990000000000000,"fill:#0000ff; fill-opacity:0.2; stroke:#ff0000; stroke-opacity:1.0; stroke-width:1.0; symbol:star",-25.2029552055963
80.5219029634021,12.7196455965387,wind_273,7.400000000000000,269.372228870776780,-327.579999999999984,59.859999999999999,0.900000000000000,"fill:#0000ff; fill-opacity:0.2; stroke:#ff0000; stroke-opacity:1.0; stroke-width:1.0; symbol:star",-79.6443689638362
80.431531517733,12.7021893299298,wind_274,5.500000000000000,287.843844522976610,-292.500000000000000,159.159999999999997,0.870000000000000,"fill:#0000ff; fill-opacity:0.2; stroke:#ff0000; stroke-opacity:1.0; stroke-width:1.0; symbol:star",-61.4477635456449
80.7026740287526,12.7544662397997,wind_275,7.100000000000000,251.510455965417350,-330.370000000000005,-41.740000000000002,0.870000000000000,"fill:#0000ff; fill-opacity:0.2; stroke:#ff0000; stroke-opacity:1.0; stroke-width:1.0; symbol:star",-97.2007789662234
80.6122851767317,12.7370729911325,wind_276,8.000000000000000,249.154552254151810,-328.430000000000007,-54.969999999999999,0.820000000000000,"fill:#0000ff; fill-opacity:0.2; stroke:#ff0000; stroke-opacity:1.0; stroke-width:1.0; symbol:star",-99.5016404776421
80.7930828397333,12.7718253069807,wind_277,12.600000000000000,239.371093372733043,-314.500000000000000,-109.439999999999998,0.920000000000000,"fill:#0000ff; fill-opacity:0.2; stroke:#ff0000; stroke-opacity:1.0; stroke-width:1.0; symbol:star",-109.186921592758
80.9739267939502,12.8064561294537,wind_278,6.200000000000000,225.250233042563423,-278.509999999999991,-182.539999999999992,0.760000000000000,"fill:#0000ff; fill-opacity:0.2; stroke:#ff0000; stroke-opacity:1.0; stroke-width:1.0; symbol:star",-123.241487784801
80.883500413376,12.7891552201455,wind_279,8.800000000000002,235.726729983466555,-306.949999999999989,-129.129999999999995,0.850000000000000,"fill:#0000ff; fill-opacity:0.2; stroke:#ff0000; stroke-opacity:1.0; stroke-width:1.0; symbol:star",-112.815877279662
80.5937655605976,11.4253013591786,wind_28,6.100000000000000,182.631179321372514,-80.950000000000003,-323.009999999999991,0.970000000000000,"fill:#0000ff; fill-opacity:0.2; stroke:#ff0000; stroke-opacity:1.0; stroke-width:1.0; symbol:star",-165.930789313944
81.0643639955395,12.8237281627747,wind_280,11.900000000000000,192.915048158787329,-136.639999999999986,-303.670000000000016,0.730000000000000,"fill:#0000ff; fill-opacity:0.2; stroke:#ff0000; stroke-opacity:1.0; stroke-width:1.0; symbol:star",-155.774059110442
81.154815755055,12.8409644292062,wind_281,3.300000000000000,208.552836226755687,-214.069999999999993,-255.080000000000013,0.900000000000000,"fill:#0000ff; fill-opacity:0.2; stroke:#ff0000; stroke-opacity:1.0; stroke-width:1.0; symbol:star",-139.995720857156
81.2452796136944,12.8581676703798,wind_282,10.900000000000000,211.697426401722055,-227.689999999999998,-243.000000000000000,0.880000000000000,"fill:#0000ff; fill-opacity:0.2; stroke:#ff0000; stroke-opacity:1.0; stroke-width:1.0; symbol:star",-136.862986733663
81.3357116029561,12.8753336847238,wind_283,6.200000000000000,212.840533663254547,-232.490000000000009,-238.409999999999997,0.890000000000000,"fill:#0000ff; fill-opacity:0.2; stroke:#ff0000; stroke-opacity:1.0; stroke-width:1.0; symbol:star",-135.720265761408
80.8634529365454,11.4780544620897,wind_29,9.500000000000000,326.993739120151474,-126.250000000000000,308.139999999999986,0.880000000000000,"fill:#0000ff; fill-opacity:0.2; stroke:#ff0000; stroke-opacity:1.0; stroke-width:1.0; symbol:star",-22.2797152495906
80.5220155473567,11.3177002258045,wind_3,1.000000000000000,293.178536772631105,-276.319999999999993,185.830000000000013,0.890000000000000,"fill:#0000ff; fill-opacity:0.2; stroke:#ff0000; stroke-opacity:1.0; stroke-width:1.0; symbol:star",-56.0784828737072
80.6836519500828,11.4429117012002,wind_30,7.200000000000000,292.532959352995533,-278.500000000000000,182.560000000000002,0.900000000000000,"fill:#0000ff; fill-opacity:0.2; stroke:#ff0000; stroke-opacity:1.0; stroke-width:1.0; symbol:star",-56.7546909650044
80.9533731617982,11.495583153764,wind_31,5.300000000000000,320.862087850348587,-158.840000000000003,292.680000000000007,0.790000000000000,"fill:#0000ff; fill-opacity:0.2; stroke:#ff0000; stroke-opacity:1.0; stroke-width:1.0; symbol:star",-28.4890716479123
81.0433048355661,11.5130809809692,wind_32,3.700000000000000,313.056316532439382,-197.400000000000006,268.180000000000007,0.980000000000000,"fill:#0000ff; fill-opacity:0.2; stroke:#ff0000; stroke-opacity:1.0; stroke-width:1.0; symbol:star",-36.3557732606133
80.7735473117516,11.4604960922089,wind_33,13.199999999999999,326.757651858289307,-127.459999999999994,307.639999999999986,0.880000000000000,"fill:#0000ff; fill-opacity:0.2; stroke:#ff0000; stroke-opacity:1.0; stroke-width:1.0; symbol:star",-22.5049818347686
81.493120957732,11.6001643290982,wind_34,9.600000000000000,311.565768187387562,-204.620000000000005,262.709999999999980,0.880000000000000,"fill:#0000ff; fill-opacity:0.2; stroke:#ff0000; stroke-opacity:1.0; stroke-width:1.0; symbol:star",-37.9143706923082
81.2231980399796,11.5479980986477,wind_35,1.700000000000000,279.133872675803957,-313.029999999999973,113.569999999999993,0.880000000000000,"fill:#0000ff; fill-opacity:0.2; stroke:#ff0000; stroke-opacity:1.0; stroke-width:1.0; symbol:star",-70.0587891378785
81.4031314418252,11.5828059129473,wind_36,2.900000000000000,324.289104122427034,-141.259999999999991,301.550000000000011,0.910000000000000,"fill:#0000ff; fill-opacity:0.2; stroke:#ff0000; stroke-opacity:1.0; stroke-width:1.0; symbol:star",-25.1005699729862
81.1332460764379,11.5305524617943,wind_37,4.400000000000001,327.042102493659627,-126.219999999999999,308.149999999999977,0.840000000000000,"fill:#0000ff; fill-opacity:0.2; stroke:#ff0000; stroke-opacity:1.0; stroke-width:1.0; symbol:star",-22.2742864726203
81.3131611878865,11.5654182821451,wind_38,7.800000000000000,325.984939200252995,-132.110000000000014,305.670000000000016,0.840000000000000,"fill:#0000ff; fill-opacity:0.2; stroke:#ff0000; stroke-opacity:1.0; stroke-width:1.0; symbol:star",-23.3739100542572
80.1262614172782,11.4268312629493,wind_39,2.100000000000000,340.257998905131444,-50.280000000000001,329.180000000000007,0.990000000000000,"fill:#0000ff; fill-opacity:0.2; stroke:#ff0000; stroke-opacity:1.0; stroke-width:1.0; symbol:star",-8.68441747965758
80.7915832534555,11.3705588148889,wind_4,3.500000000000000,324.490420433903296,-139.650000000000006,302.300000000000011,0.880000000000000,"fill:#0000ff; fill-opacity:0.2; stroke:#ff0000; stroke-opacity:1.0; stroke-width:1.0; symbol:star",-24.7949690080329
80.0364090102417,11.4090660193839,wind_40,8.500000000000000,191.950767753696397,-133.710000000000008,-304.970000000000027,0.900000000000000,"fill:#0000ff; fill-opacity:0.2; stroke:#ff0000; stroke-opacity:1.0; stroke-width:1.0; symbol:star",-156.325597403257
79.8569089158624,11.3734758173093,wind_41,5.200000000000000,178.590567948216915,-58.899999999999999,-327.750000000000000,0.940000000000000,"fill:#0000ff; fill-opacity:0.2; stroke:#ff0000; stroke-opacity:1.0; stroke-width:1.0; symbol:star",-169.812113367781
79.946571337816,11.3912685351952,wind_42,3.100000000000000,321.262607119972188,-156.020000000000010,294.189999999999998,0.960000000000000,"fill:#0000ff; fill-opacity:0.2; stroke:#ff0000; stroke-opacity:1.0; stroke-width:1.0; symbol:star",-27.9386859306878
81.5830760533299,11.6174886690508,wind_43,5.600000000000000,276.442358425259727,-318.069999999999993,98.609999999999999,0.960000000000000,"fill:#0000ff; fill-opacity:0.2; stroke:#ff0000; stroke-opacity:1.0; stroke-width:1.0; symbol:star",-72.7751997766362
80.3059955364179,11.4622845603135,wind_44,6.100000000000000,197.783006205329173,-164.110000000000014,-289.750000000000000,0.970000000000000,"fill:#0000ff; fill-opacity:0.2; stroke:#ff0000; stroke-opacity:1.0; stroke-width:1.0; symbol:star",-150.473442974229
80.3958779619942,11.4799721612612,wind_45,4.500000000000000,246.745949211464108,-326.100000000000023,-67.420000000000002,0.960000000000000,"fill:#0000ff; fill-opacity:0.2; stroke:#ff0000; stroke-opacity:1.0; stroke-width:1.0; symbol:star",-101.681118841679
80.2161233954014,11.4445708918397,wind_46,4.200000000000000,334.604103758447764,-83.140000000000001,322.449999999999989,0.950000000000000,"fill:#0000ff; fill-opacity:0.2; stroke:#ff0000; stroke-opacity:1.0; stroke-width:1.0; symbol:star",-14.4581481841531
80.8454590603886,11.5679825800792,wind_47,7.500000000000000,307.136537006073127,-223.979999999999990,246.419999999999987,0.870000000000000,"fill:#0000ff; fill-opacity:0.2; stroke:#ff0000; stroke-opacity:1.0; stroke-width:1.0; symbol:star",-42.268827958478
80.6655949819757,11.5328589602545,wind_48,4.700000000000000,318.450227180424235,-170.960000000000008,285.769999999999982,0.880000000000000,"fill:#0000ff; fill-opacity:0.2; stroke:#ff0000; stroke-opacity:1.0; stroke-width:1.0; symbol:star",-30.8896925136592
80.4857703035999,11.4976310053568,wind_49,13.600000000000000,327.470338208919941,-123.390000000000001,309.300000000000011,0.970000000000000,"fill:#0000ff; fill-opacity:0.2; stroke:#ff0000; stroke-opacity:1.0; stroke-width:1.0; symbol:star",-21.7486915563474
80.6118637033783,11.3353452266559,wind_5,5.500000000000000,307.295707265773501,-223.050000000000011,247.259999999999991,0.920000000000000,"fill:#0000ff; fill-opacity:0.2; stroke:#ff0000; stroke-opacity:1.0; stroke-width:1.0; symbol:star",-42.0532041904528
81.0253726894712,11.6029888336736,wind_50,9.500000000000000,330.970777059087538,-104.519999999999996,316.170000000000016,0.840000000000000,"fill:#0000ff; fill-opacity:0.2; stroke:#ff0000; stroke-opacity:1.0; stroke-width:1.0; symbol:star",-18.2929379796367
80.7555223215004,11.5504338954672,wind_51,14.100000000000000,312.813705182487013,-198.409999999999997,267.430000000000007,0.850000000000000,"fill:#0000ff; fill-opacity:0.2; stroke:#ff0000; stroke-opacity:1.0; stroke-width:1.0; symbol:star",-36.5722286264985
81.1153439775963,11.6204500145193,wind_52,3.100000000000000,305.587396781002724,-230.719999999999999,240.120000000000005,0.930000000000000,"fill:#0000ff; fill-opacity:0.2; stroke:#ff0000; stroke-opacity:1.0; stroke-width:1.0; symbol:star",-43.8562807114555
80.5756772884341,11.5152579055996,wind_53,11.199999999999999,334.112403828595859,-86.319999999999993,321.620000000000005,0.980000000000000,"fill:#0000ff; fill-opacity:0.2; stroke:#ff0000; stroke-opacity:1.0; stroke-width:1.0; symbol:star",-15.0236297899867
80.9354097238446,11.5855012690504,wind_54,14.400000000000000,322.031023288107349,-152.840000000000003,295.850000000000023,0.870000000000000,"fill:#0000ff; fill-opacity:0.2; stroke:#ff0000; stroke-opacity:1.0; stroke-width:1.0; symbol:star",-27.3214709672413
81.2953218535636,11.655294183633,wind_55,1.500000000000000,341.294286610040274,-45.500000000000000,329.879999999999995,0.850000000000000,"fill:#0000ff; fill-opacity:0.2; stroke:#ff0000; stroke-opacity:1.0; stroke-width:1.0; symbol:star",-7.85319575433096
81.2053263070953,11.6378850762419,wind_56,5.400000000000000,328.798605280817753,-116.750000000000000,311.860000000000014,0.870000000000000,"fill:#0000ff; fill-opacity:0.2; stroke:#ff0000; stroke-opacity:1.0; stroke-width:1.0; symbol:star",-20.5242268765466
81.3853236771894,11.6726707023484,wind_57,4.100000000000000,275.185276717971590,-320.050000000000011,91.969999999999999,0.960000000000000,"fill:#0000ff; fill-opacity:0.2; stroke:#ff0000; stroke-opacity:1.0; stroke-width:1.0; symbol:star",-73.967394539523
81.4753437150154,11.6900177905956,wind_58,3.200000000000000,321.534197624658020,-155.860000000000014,294.269999999999982,0.780000000000000,"fill:#0000ff; fill-opacity:0.2; stroke:#ff0000; stroke-opacity:1.0; stroke-width:1.0; symbol:star",-27.9079155998982
81.565329668748,11.7073306749176,wind_59,2.300000000000000,328.697951850282550,-117.719999999999999,311.500000000000000,0.910000000000000,"fill:#0000ff; fill-opacity:0.2; stroke:#ff0000; stroke-opacity:1.0; stroke-width:1.0; symbol:star",-20.7022466481342
79.8934687153562,11.1934094967882,wind_6,3.700000000000000,339.256440921601381,-56.310000000000002,328.199999999999989,0.960000000000000,"fill:#0000ff; fill-opacity:0.2; stroke:#ff0000; stroke-opacity:1.0; stroke-width:1.0; symbol:star",-9.73557340593544
80.0181429899221,11.4990736401589,wind_60,3.800000000000000,196.023051984433238,-155.340000000000003,-294.550000000000011,0.920000000000000,"fill:#0000ff; fill-opacity:0.2; stroke:#ff0000; stroke-opacity:1.0; stroke-width:1.0; symbol:star",-152.19369856944
80.108024942568,11.5168311687051,wind_61,5.300000000000000,224.374661304433545,-276.970000000000027,-184.870000000000005,0.850000000000000,"fill:#0000ff; fill-opacity:0.2; stroke:#ff0000; stroke-opacity:1.0; stroke-width:1.0; symbol:star",-123.722040347609
79.9282730094369,11.4812838709896,wind_62,4.000000000000000,230.253444919177269,-294.449999999999989,-155.520000000000010,0.960000000000000,"fill:#0000ff; fill-opacity:0.2; stroke:#ff0000; stroke-opacity:1.0; stroke-width:1.0; symbol:star",-117.841722498819
79.8384746050946,11.4634778787024,wind_63,2.500000000000000,188.596694394946013,-115.969999999999999,-312.149999999999977,0.960000000000000,"fill:#0000ff; fill-opacity:0.2; stroke:#ff0000; stroke-opacity:1.0; stroke-width:1.0; symbol:star",-159.618956371093
80.197916098648,11.5345625247802,wind_64,4.800000000000000,231.305445777647634,-297.050000000000011,-150.500000000000000,0.850000000000000,"fill:#0000ff; fill-opacity:0.2; stroke:#ff0000; stroke-opacity:1.0; stroke-width:1.0; symbol:star",-116.868994510585
80.3777339680324,11.5699471825469,wind_65,8.500000000000000,231.629131775396417,-297.769999999999982,-149.060000000000002,0.920000000000000,"fill:#0000ff; fill-opacity:0.2; stroke:#ff0000; stroke-opacity:1.0; stroke-width:1.0; symbol:star",-116.591983115505
80.2878188911136,11.5522678398777,wind_66,8.100000000000000,240.608485688095641,-317.220000000000027,-101.299999999999997,0.930000000000000,"fill:#0000ff; fill-opacity:0.2; stroke:#ff0000; stroke-opacity:1.0; stroke-width:1.0; symbol:star",-107.710192822661
80.4676585112687,11.5875970934622,wind_67,5.000000000000000,233.455221461655469,-302.290000000000020,-139.669999999999987,0.810000000000000,"fill:#0000ff; fill-opacity:0.2; stroke:#ff0000; stroke-opacity:1.0; stroke-width:1.0; symbol:star",-114.798814572766
80.5575947137974,11.6052146910159,wind_68,4.200000000000000,282.267330184672232,-306.250000000000000,130.759999999999991,0.930000000000000,"fill:#0000ff; fill-opacity:0.2; stroke:#ff0000; stroke-opacity:1.0; stroke-width:1.0; symbol:star",-66.8789024197546
80.6475437845758,11.6228064064369,wind_69,9.100000000000000,278.269938637363964,-314.529999999999973,109.359999999999999,0.890000000000000,"fill:#0000ff; fill-opacity:0.2; stroke:#ff0000; stroke-opacity:1.0; stroke-width:1.0; symbol:star",-70.8277749897602
80.2525496130602,11.2645879432979,wind_7,4.300000000000000,238.724501312211771,-313.850000000000023,-111.290000000000006,0.900000000000000,"fill:#0000ff; fill-opacity:0.2; stroke:#ff0000; stroke-opacity:1.0; stroke-width:1.0; symbol:star",-109.524310249785
80.737503653177,11.6403720024157,wind_70,5.200000000000000,296.098616418140807,-266.819999999999993,199.240000000000009,0.900000000000000,"fill:#0000ff; fill-opacity:0.2; stroke:#ff0000; stroke-opacity:1.0; stroke-width:1.0; symbol:star",-53.2505437553087
80.917452288519,11.6754197772916,wind_71,5.600000000000000,316.108147660482587,-182.780000000000001,278.350000000000023,0.840000000000000,"fill:#0000ff; fill-opacity:0.2; stroke:#ff0000; stroke-opacity:1.0; stroke-width:1.0; symbol:star",-33.2911161799042
81.0974493263495,11.710348220078,wind_72,12.600000000000000,335.945892454056832,-76.390000000000001,324.120000000000005,0.910000000000000,"fill:#0000ff; fill-opacity:0.2; stroke:#ff0000; stroke-opacity:1.0; stroke-width:1.0; symbol:star",-13.2617018947492
80.8274722782855,11.6579112396616,wind_73,6.500000000000000,307.287218720474129,-223.349999999999994,246.990000000000009,0.850000000000000,"fill:#0000ff; fill-opacity:0.2; stroke:#ff0000; stroke-opacity:1.0; stroke-width:1.0; symbol:star",-42.1226487465125
81.1874620660507,11.7277726964286,wind_74,6.600000000000000,317.909861883136102,-174.099999999999994,283.860000000000014,0.900000000000000,"fill:#0000ff; fill-opacity:0.2; stroke:#ff0000; stroke-opacity:1.0; stroke-width:1.0; symbol:star",-31.5220599099085
81.0074474896749,11.6928971905735,wind_75,8.800000000000002,320.320092545256784,-161.770000000000010,291.060000000000002,0.860000000000000,"fill:#0000ff; fill-opacity:0.2; stroke:#ff0000; stroke-opacity:1.0; stroke-width:1.0; symbol:star",-29.0651327555856
81.2774901724909,11.7451704738469,wind_76,11.400000000000000,176.192004110943884,-42.450000000000003,-330.279999999999973,0.930000000000000,"fill:#0000ff; fill-opacity:0.2; stroke:#ff0000; stroke-opacity:1.0; stroke-width:1.0; symbol:star",-172.676080045873
81.3675247044925,11.7625360291138,wind_77,3.900000000000000,280.151804906665859,-311.069999999999993,118.849999999999994,0.960000000000000,"fill:#0000ff; fill-opacity:0.2; stroke:#ff0000; stroke-opacity:1.0; stroke-width:1.0; symbol:star",-69.0897259734907
81.4575743268029,11.779871813477,wind_78,2.500000000000000,327.812312148650165,-122.430000000000007,309.680000000000007,0.950000000000000,"fill:#0000ff; fill-opacity:0.2; stroke:#ff0000; stroke-opacity:1.0; stroke-width:1.0; symbol:star",-21.5710467144537
81.5475913581646,11.7971733282969,wind_79,4.800000000000000,339.289365318600517,-57.560000000000002,327.990000000000009,0.830000000000000,"fill:#0000ff; fill-opacity:0.2; stroke:#ff0000; stroke-opacity:1.0; stroke-width:1.0; symbol:star",-9.95365930712394
81.0612490139517,11.4231740014438,wind_8,7.700000000000000,345.469931250598108,-20.500000000000000,332.370000000000005,0.970000000000000,"fill:#0000ff; fill-opacity:0.2; stroke:#ff0000; stroke-opacity:1.0; stroke-width:1.0; symbol:star",-3.52943238891432
79.8201026476236,11.5534912713201,wind_80,1.900000000000000,184.613809213953857,-93.209999999999994,-319.689999999999998,0.790000000000000,"fill:#0000ff; fill-opacity:0.2; stroke:#ff0000; stroke-opacity:1.0; stroke-width:1.0; symbol:star",-163.745232349054
79.9998708800726,11.5890800656192,wind_81,4.100000000000000,204.305831457254840,-196.620000000000005,-268.759999999999991,0.820000000000000,"fill:#0000ff; fill-opacity:0.2; stroke:#ff0000; stroke-opacity:1.0; stroke-width:1.0; symbol:star",-143.811466373194
80.3595866264815,11.6599202398258,wind_82,14.100000000000000,208.350340678816679,-214.789999999999992,-254.469999999999999,0.870000000000000,"fill:#0000ff; fill-opacity:0.2; stroke:#ff0000; stroke-opacity:1.0; stroke-width:1.0; symbol:star",-139.833356842652
80.5395094371184,11.6951697963519,wind_83,5.600000000000000,251.207779341022103,-330.269999999999982,-42.590000000000003,0.790000000000000,"fill:#0000ff; fill-opacity:0.2; stroke:#ff0000; stroke-opacity:1.0; stroke-width:1.0; symbol:star",-97.3480307346779
80.089784615295,11.6068296009604,wind_84,7.400000000000000,198.236572720403757,-166.629999999999995,-288.310000000000002,0.860000000000000,"fill:#0000ff; fill-opacity:0.2; stroke:#ff0000; stroke-opacity:1.0; stroke-width:1.0; symbol:star",-149.97405110744
80.2696412243018,11.6422494147287,wind_85,8.300000000000002,211.632621187330869,-229.169999999999987,-241.599999999999994,0.830000000000000,"fill:#0000ff; fill-opacity:0.2; stroke:#ff0000; stroke-opacity:1.0; stroke-width:1.0; symbol:star",-136.512460668356
80.1797075133119,11.6245525865153,wind_86,9.300000000000001,208.146129058751086,-214.090000000000003,-255.060000000000002,0.870000000000000,"fill:#0000ff; fill-opacity:0.2; stroke:#ff0000; stroke-opacity:1.0; stroke-width:1.0; symbol:star",-139.990872794328
79.9099707778361,11.5712976994621,wind_87,8.300000000000002,200.045886305014506,-175.960000000000008,-282.720000000000027,0.870000000000000,"fill:#0000ff; fill-opacity:0.2; stroke:#ff0000; stroke-opacity:1.0; stroke-width:1.0; symbol:star",-148.102585639631
80.4495435702975,11.6775612175608,wind_88,7.800000000000000,228.231310735192096,-288.439999999999998,-166.400000000000006,0.860000000000000,"fill:#0000ff; fill-opacity:0.2; stroke:#ff0000; stroke-opacity:1.0; stroke-width:1.0; symbol:star",-119.980492930483
80.6294898763573,11.7127522814139,wind_89,5.400000000000000,265.170292169004483,-330.980000000000018,36.630000000000003,0.870000000000000,"fill:#0000ff; fill-opacity:0.2; stroke:#ff0000; stroke-opacity:1.0; stroke-width:1.0; symbol:star",-83.6846992210901
80.3423623095024,11.2823184758904,wind_9,5.700000000000000,298.561725273783736,-257.769999999999982,210.819999999999993,0.930000000000000,"fill:#0000ff; fill-opacity:0.2; stroke:#ff0000; stroke-opacity:1.0; stroke-width:1.0; symbol:star",-50.7216095776392
80.7194811817395,11.7303084158207,wind_90,4.900000000000000,297.961208277152139,-260.269999999999982,207.729999999999990,0.800000000000000,"fill:#0000ff; fill-opacity:0.2; stroke:#ff0000; stroke-opacity:1.0; stroke-width:1.0; symbol:star",-51.4054877374785
80.8094799678148,11.7478379352373,wind_91,1.300000000000000,296.790351306565867,-264.459999999999980,202.360000000000014,0.880000000000000,"fill:#0000ff; fill-opacity:0.2; stroke:#ff0000; stroke-opacity:1.0; stroke-width:1.0; symbol:star",-52.577438153623
80.9895171692314,11.7828035834667,wind_92,12.500000000000000,313.183171554266664,-196.879999999999995,268.560000000000002,0.930000000000000,"fill:#0000ff; fill-opacity:0.2; stroke:#ff0000; stroke-opacity:1.0; stroke-width:1.0; symbol:star",-36.2449576538985
80.8994918197051,11.7653363215261,wind_93,7.600000000000000,303.793660682248515,-238.009999999999991,232.900000000000006,0.870000000000000,"fill:#0000ff; fill-opacity:0.2; stroke:#ff0000; stroke-opacity:1.0; stroke-width:1.0; symbol:star",-45.6217110325085
81.0795515610783,11.8002440777052,wind_94,3.800000000000000,329.797958340164314,-111.170000000000002,313.899999999999977,0.920000000000000,"fill:#0000ff; fill-opacity:0.2; stroke:#ff0000; stroke-opacity:1.0; stroke-width:1.0; symbol:star",-19.5019754650536
81.3497222395321,11.8523993918724,wind_95,3.900000000000000,335.037982533076274,-81.879999999999995,322.779999999999973,0.890000000000000,"fill:#0000ff; fill-opacity:0.2; stroke:#ff0000; stroke-opacity:1.0; stroke-width:1.0; symbol:star",-14.2340445720522
81.1695970369054,11.8176577893422,wind_96,9.000000000000000,345.370921123449989,-21.430000000000000,332.310000000000002,0.890000000000000,"fill:#0000ff; fill-opacity:0.2; stroke:#ff0000; stroke-opacity:1.0; stroke-width:1.0; symbol:star",-3.6897797392434
81.4398037517385,11.8697238723517,wind_97,4.200000000000000,314.920036466787394,-188.949999999999989,274.199999999999989,0.910000000000000,"fill:#0000ff; fill-opacity:0.2; stroke:#ff0000; stroke-opacity:1.0; stroke-width:1.0; symbol:star",-34.5705539203497
81.2596554299666,11.835044800054,wind_98,11.000000000000000,338.869298913104217,-59.680000000000000,327.610000000000014,0.850000000000000,"fill:#0000ff; fill-opacity:0.2; stroke:#ff0000; stroke-opacity:1.0; stroke-width:1.0; symbol:star",-10.3242371005377
81.5298529618966,11.8870138368769,wind_99,3.900000000000000,220.680111979797772,-263.269999999999982,-203.900000000000006,0.930000000000000,"fill:#0000ff; fill-opacity:0.2; stroke:#ff0000; stroke-opacity:1.0; stroke-width:1.0; symbol:star",-127.757426306728
